customer_id,created_date,canceled_date,subscription_cost,subscription_interval,was_subscription_paid
154536156,01-09-2022,,39,month,Yes
149713408,01-09-2022,02-09-2022,39,month,No
153756284,01-09-2022,02-09-2022,39,month,No
121253113,01-09-2022,23-09-2022,39,month,Yes
154467210,01-09-2022,29-06-2023,39,month,Yes
154510811,01-09-2022,08-05-2023,39,month,Yes
154494346,01-09-2022,26-11-2022,39,month,Yes
148671505,01-09-2022,23-11-2022,39,month,Yes
154568379,01-09-2022,25-10-2022,39,month,Yes
154428434,01-09-2022,31-10-2022,39,month,Yes
154601651,01-09-2022,26-09-2022,39,month,Yes
122824692,01-09-2022,15-09-2022,39,month,Yes
152925600,02-09-2022,,39,month,Yes
151154171,02-09-2022,02-09-2022,39,month,Yes
154640950,02-09-2022,09-12-2022,39,month,Yes
154617329,02-09-2022,27-10-2022,39,month,Yes
154089211,02-09-2022,09-10-2022,39,month,Yes
154653820,02-09-2022,26-09-2022,39,month,Yes
154131290,03-09-2022,,39,month,Yes
154434009,03-09-2022,,39,month,Yes
136108848,03-09-2022,04-09-2022,39,month,Yes
135185873,03-09-2022,10-05-2023,39,month,Yes
154592664,03-09-2022,01-04-2023,39,month,Yes
119436804,03-09-2022,10-04-2023,39,month,Yes
152929657,03-09-2022,23-11-2022,39,month,Yes
154708974,03-09-2022,18-10-2022,39,month,Yes
154567722,03-09-2022,29-09-2022,39,month,Yes
154719788,03-09-2022,25-09-2022,39,month,Yes
154809306,04-09-2022,05-09-2022,39,month,Yes
140391539,04-09-2022,05-04-2023,39,month,Yes
153194806,04-09-2022,16-04-2023,39,month,Yes
144402204,04-09-2022,22-09-2022,39,month,Yes
154747678,04-09-2022,15-01-2023,39,month,Yes
130939158,04-09-2022,19-02-2023,39,month,Yes
150912359,04-09-2022,02-11-2022,39,month,Yes
154132592,04-09-2022,01-11-2022,39,month,Yes
153368891,04-09-2022,11-10-2022,39,month,Yes
154225450,05-09-2022,,39,month,Yes
154904040,05-09-2022,06-09-2022,39,month,Yes
127604200,05-09-2022,06-10-2022,39,month,Yes
154913576,05-09-2022,13-03-2023,39,month,Yes
154910432,05-09-2022,13-03-2023,39,month,Yes
154911229,05-09-2022,12-03-2023,39,month,Yes
154518837,05-09-2022,03-01-2023,39,month,Yes
154910009,05-09-2022,08-02-2023,39,month,Yes
154911693,05-09-2022,08-02-2023,39,month,Yes
154894177,05-09-2022,12-12-2022,39,month,Yes
154494026,05-09-2022,12-12-2022,39,month,Yes
154245189,05-09-2022,26-11-2022,39,month,Yes
154604182,05-09-2022,19-10-2022,39,month,Yes
154711552,05-09-2022,05-10-2022,39,month,Yes
154827564,05-09-2022,09-10-2022,39,month,Yes
143581543,05-09-2022,12-10-2022,39,month,Yes
154867798,05-09-2022,05-10-2022,39,month,Yes
154863996,05-09-2022,09-09-2022,39,month,Yes
154923423,06-09-2022,,39,month,Yes
134664128,06-09-2022,,39,month,Yes
154828806,06-09-2022,20-11-2022,39,month,Yes
154934030,06-09-2022,13-11-2022,39,month,Yes
153671424,06-09-2022,13-10-2022,39,month,Yes
154693818,06-09-2022,13-10-2022,39,month,Yes
154110938,06-09-2022,26-09-2022,39,month,Yes
154809306,06-09-2022,28-09-2022,39,month,Yes
154537244,07-09-2022,,39,month,Yes
154163218,07-09-2022,,39,month,Yes
129467426,07-09-2022,25-05-2023,39,month,Yes
152498330,07-09-2022,22-02-2023,39,month,Yes
125335731,07-09-2022,14-09-2022,39,month,Yes
155113805,08-09-2022,,39,month,Yes
148864769,08-09-2022,28-10-2022,39,month,Yes
123850281,08-09-2022,15-10-2022,39,month,Yes
155167073,08-09-2022,06-10-2022,39,month,Yes
153684891,08-09-2022,09-09-2022,39,month,Yes
131277340,09-09-2022,01-03-2023,39,month,Yes
152027172,09-09-2022,02-12-2022,39,month,Yes
155212612,09-09-2022,03-11-2022,39,month,Yes
155188498,09-09-2022,09-10-2022,39,month,Yes
155145336,09-09-2022,03-10-2022,39,month,Yes
152506474,09-09-2022,16-10-2022,39,month,Yes
118029150,09-09-2022,16-08-2023,39,month,Yes
155245796,10-09-2022,,39,month,Yes
155326259,10-09-2022,21-02-2023,39,month,Yes
155311918,10-09-2022,12-12-2022,39,month,Yes
154391473,10-09-2022,12-10-2022,39,month,Yes
155283495,10-09-2022,08-10-2022,39,month,Yes
154597373,10-09-2022,06-10-2022,39,month,Yes
155370310,11-09-2022,16-05-2023,39,month,Yes
155289120,11-09-2022,15-02-2023,39,month,Yes
155351408,11-09-2022,11-12-2022,39,month,Yes
155336773,11-09-2022,24-12-2022,39,month,Yes
155017581,11-09-2022,02-11-2022,39,month,Yes
154401329,11-09-2022,15-10-2022,39,month,Yes
155334828,11-09-2022,11-10-2022,39,month,Yes
154815431,11-09-2022,11-09-2022,39,month,Yes
155343938,11-09-2022,18-08-2023,39,month,Yes
152436458,12-09-2022,12-09-2022,39,month,Yes
154689541,12-09-2022,13-09-2022,39,month,No
155425695,12-09-2022,19-10-2022,39,month,Yes
152698255,12-09-2022,12-10-2022,39,month,Yes
155406449,13-09-2022,27-08-2023,39,month,Yes
137338480,13-09-2022,14-09-2022,39,month,Yes
155508519,13-09-2022,23-10-2022,39,month,Yes
155463846,13-09-2022,03-10-2022,39,month,Yes
122335220,13-09-2022,17-09-2022,39,month,Yes
155460904,13-09-2022,14-06-2023,39,month,Yes
155534484,14-09-2022,15-09-2022,39,month,No
155465332,14-09-2022,06-03-2023,39,month,Yes
155562517,14-09-2022,07-12-2022,39,month,Yes
153577096,14-09-2022,21-10-2022,39,month,Yes
154937101,15-09-2022,,39,month,Yes
144968444,15-09-2022,15-09-2022,39,month,No
155270889,15-09-2022,06-03-2023,39,month,Yes
155601465,15-09-2022,01-06-2023,39,month,Yes
154045370,15-09-2022,28-11-2022,39,month,Yes
155612742,15-09-2022,08-11-2022,39,month,Yes
155621162,15-09-2022,14-11-2022,39,month,Yes
154904040,15-09-2022,22-10-2022,39,month,Yes
150810434,15-09-2022,12-10-2022,39,month,Yes
150825802,15-09-2022,13-10-2022,39,month,Yes
151907203,15-09-2022,11-10-2022,39,month,Yes
149595273,15-09-2022,29-09-2022,39,month,Yes
155596960,15-09-2022,23-09-2022,39,month,Yes
155192606,16-09-2022,,39,month,Yes
129111644,16-09-2022,23-03-2023,39,month,Yes
155426674,16-09-2022,10-04-2023,39,month,Yes
154389303,16-09-2022,05-01-2023,39,month,Yes
155671632,16-09-2022,22-12-2022,39,month,Yes
155663101,16-09-2022,04-10-2022,39,month,Yes
152084572,17-09-2022,,39,month,Yes
155783230,17-09-2022,12-05-2023,39,month,Yes
155714315,17-09-2022,14-01-2023,39,month,Yes
155774393,17-09-2022,18-10-2022,39,month,Yes
152901090,18-09-2022,25-01-2023,39,month,Yes
147029752,18-09-2022,21-11-2022,39,month,Yes
155809043,18-09-2022,08-12-2022,39,month,Yes
155180991,18-09-2022,12-11-2022,39,month,Yes
155713732,18-09-2022,30-09-2022,39,month,Yes
155204060,18-09-2022,17-10-2022,39,month,Yes
136817161,19-09-2022,17-10-2022,39,month,No
126212861,19-09-2022,19-09-2022,39,month,Yes
155265877,19-09-2022,10-02-2023,39,month,Yes
155916753,19-09-2022,19-02-2023,39,month,Yes
155927984,19-09-2022,17-12-2022,39,month,Yes
155876104,19-09-2022,14-12-2022,39,month,Yes
155733164,19-09-2022,19-09-2022,39,month,Yes
153832728,19-09-2022,18-10-2022,39,month,Yes
155876188,19-09-2022,20-10-2022,39,month,Yes
150687940,19-09-2022,18-10-2022,39,month,Yes
155967446,20-09-2022,,39,month,Yes
155687378,20-09-2022,27-03-2023,39,month,Yes
156020667,20-09-2022,09-05-2023,39,month,Yes
155869412,20-09-2022,21-12-2022,39,month,Yes
156042204,20-09-2022,08-11-2022,39,month,Yes
153568990,20-09-2022,30-09-2022,39,month,Yes
155327111,20-09-2022,31-10-2022,39,month,Yes
155270521,20-09-2022,08-08-2023,39,month,Yes
155991618,21-09-2022,28-06-2023,39,month,Yes
156045144,21-09-2022,06-12-2022,39,month,Yes
155439932,21-09-2022,14-11-2022,39,month,Yes
152674430,21-09-2022,03-10-2022,39,month,Yes
156135106,22-09-2022,,39,month,Yes
156185490,22-09-2022,02-05-2023,39,month,Yes
156180312,22-09-2022,15-11-2022,39,month,Yes
151263484,22-09-2022,29-10-2022,39,month,Yes
156008989,22-09-2022,21-10-2022,39,month,Yes
147687218,22-09-2022,29-10-2022,39,month,Yes
156235650,23-09-2022,,39,month,Yes
131128612,23-09-2022,16-01-2023,39,month,Yes
156198840,23-09-2022,21-01-2023,39,month,Yes
144166296,23-09-2022,19-10-2022,39,month,Yes
136108848,23-09-2022,30-11-2022,39,month,Yes
156225482,23-09-2022,14-10-2022,39,month,Yes
156209360,23-09-2022,30-10-2022,39,month,Yes
153492199,24-09-2022,01-12-2022,39,month,Yes
156127439,24-09-2022,01-11-2022,39,month,Yes
156197748,24-09-2022,26-10-2022,39,month,Yes
156292980,25-09-2022,,39,month,Yes
129284681,25-09-2022,01-11-2022,39,month,Yes
156249750,25-09-2022,02-11-2022,39,month,Yes
155143974,25-09-2022,18-11-2022,39,month,Yes
151354965,25-09-2022,29-10-2022,39,month,Yes
156178486,25-09-2022,24-10-2022,39,month,Yes
132314522,26-09-2022,04-12-2022,39,month,Yes
152505897,26-09-2022,07-04-2023,39,month,Yes
151086770,26-09-2022,23-01-2023,39,month,Yes
148713821,26-09-2022,10-02-2023,39,month,Yes
146422602,26-09-2022,03-11-2022,39,month,Yes
156460574,26-09-2022,17-11-2022,39,month,Yes
156364063,26-09-2022,14-11-2022,39,month,Yes
149139298,26-09-2022,26-10-2022,39,month,Yes
156371514,26-09-2022,24-10-2022,39,month,Yes
156423167,27-09-2022,18-01-2023,39,month,Yes
155199164,27-09-2022,03-01-2023,39,month,Yes
156373191,27-09-2022,28-12-2022,39,month,Yes
156517374,27-09-2022,27-09-2022,39,month,Yes
156032089,28-09-2022,,39,month,Yes
154563706,28-09-2022,25-03-2023,39,month,Yes
124481723,28-09-2022,22-11-2022,39,month,Yes
146861757,28-09-2022,22-12-2022,39,month,Yes
152476124,28-09-2022,28-11-2022,39,month,Yes
156192628,28-09-2022,20-11-2022,39,month,Yes
152109538,28-09-2022,19-10-2022,39,month,Yes
156659071,28-09-2022,29-09-2022,39,month,Yes
156717075,29-09-2022,14-04-2023,39,month,Yes
156715443,29-09-2022,29-12-2022,39,month,Yes
147656952,29-09-2022,28-12-2022,39,month,Yes
152918862,29-09-2022,20-11-2022,39,month,Yes
146866890,29-09-2022,24-10-2022,39,month,Yes
151735444,30-09-2022,,39,month,Yes
155608371,30-09-2022,01-10-2022,39,month,No
156809544,30-09-2022,28-03-2023,39,month,Yes
156813288,30-09-2022,20-05-2023,39,month,Yes
156817946,30-09-2022,03-06-2023,39,month,Yes
156194905,30-09-2022,06-04-2023,39,month,Yes
148568942,30-09-2022,06-01-2023,39,month,Yes
151154171,30-09-2022,29-11-2022,39,month,Yes
122921842,30-09-2022,06-11-2022,39,month,Yes
156754286,01-10-2022,,39,month,Yes
144160302,01-10-2022,02-10-2022,39,month,Yes
155045053,01-10-2022,01-01-2023,39,month,Yes
133869989,01-10-2022,02-11-2022,39,month,Yes
156863940,01-10-2022,02-11-2022,39,month,Yes
156884323,01-10-2022,25-10-2022,39,month,Yes
156365410,01-10-2022,29-10-2022,39,month,Yes
153957162,02-10-2022,,39,month,Yes
152436949,02-10-2022,03-10-2022,39,month,No
156403612,02-10-2022,26-01-2023,39,month,Yes
154198756,02-10-2022,14-11-2022,39,month,Yes
156917754,02-10-2022,28-10-2022,39,month,Yes
134975906,03-10-2022,27-10-2022,39,month,Yes
156955735,03-10-2022,02-07-2023,39,month,Yes
156982750,03-10-2022,06-02-2023,39,month,Yes
156953312,03-10-2022,17-03-2023,39,month,Yes
124642102,03-10-2022,03-01-2023,39,month,Yes
156940530,03-10-2022,10-01-2023,39,month,Yes
155602780,03-10-2022,20-01-2023,39,month,Yes
149635726,03-10-2022,08-11-2022,39,month,Yes
152660102,03-10-2022,28-11-2022,39,month,Yes
153620734,03-10-2022,29-11-2022,39,month,Yes
156940254,03-10-2022,03-10-2022,39,month,Yes
156940060,03-10-2022,10-10-2022,39,month,Yes
156938938,03-10-2022,03-10-2022,39,month,Yes
156955272,04-10-2022,21-04-2023,39,month,Yes
156941638,04-10-2022,15-03-2023,39,month,Yes
157154624,04-10-2022,30-01-2023,39,month,Yes
151677119,04-10-2022,14-12-2022,39,month,Yes
139465940,04-10-2022,05-11-2022,39,month,Yes
156895692,05-10-2022,,39,month,Yes
153587226,05-10-2022,,39,month,Yes
157295262,05-10-2022,03-04-2023,39,month,Yes
157284386,05-10-2022,02-04-2023,39,month,Yes
148762867,05-10-2022,23-06-2023,39,month,Yes
150433978,05-10-2022,05-11-2022,39,month,Yes
157272487,05-10-2022,07-12-2022,39,month,Yes
153776370,06-10-2022,06-12-2022,39,month,Yes
157371444,06-10-2022,08-12-2022,39,month,Yes
157095464,06-10-2022,13-07-2023,39,month,Yes
153554190,07-10-2022,,39,month,Yes
157411994,07-10-2022,,39,month,Yes
157374056,07-10-2022,07-11-2022,39,month,Yes
157397941,07-10-2022,03-11-2022,39,month,Yes
157234944,07-10-2022,24-10-2022,39,month,Yes
157490039,08-10-2022,15-03-2023,39,month,Yes
157484010,08-10-2022,15-03-2023,39,month,Yes
125038257,08-10-2022,17-11-2022,39,month,Yes
157400730,08-10-2022,26-10-2022,39,month,Yes
157450645,08-10-2022,18-10-2022,39,month,Yes
156943008,09-10-2022,10-10-2022,39,month,Yes
127328047,09-10-2022,16-01-2023,39,month,Yes
157506842,09-10-2022,15-11-2022,39,month,Yes
150924853,09-10-2022,23-11-2022,39,month,Yes
156996568,10-10-2022,,39,month,Yes
157627904,10-10-2022,11-01-2023,39,month,Yes
157058101,10-10-2022,09-11-2022,39,month,Yes
157394598,11-10-2022,12-10-2022,39,month,No
157765918,11-10-2022,12-10-2022,39,month,No
157746458,11-10-2022,25-04-2023,39,month,Yes
157590918,11-10-2022,12-02-2023,39,month,Yes
157290992,11-10-2022,10-01-2023,39,month,Yes
156895701,11-10-2022,18-12-2022,39,month,Yes
155926313,11-10-2022,28-11-2022,39,month,Yes
156110000,11-10-2022,16-11-2022,39,month,Yes
157851493,12-10-2022,04-04-2023,39,month,Yes
157792408,12-10-2022,10-06-2023,39,month,Yes
157868778,12-10-2022,07-11-2022,39,month,Yes
157833252,12-10-2022,23-10-2022,39,month,Yes
149662340,13-10-2022,,39,month,Yes
126918448,13-10-2022,,39,month,Yes
136897370,13-10-2022,17-01-2023,39,month,Yes
157921307,13-10-2022,30-05-2023,39,month,Yes
157905868,13-10-2022,06-02-2023,39,month,Yes
152377785,13-10-2022,11-01-2023,39,month,Yes
157567612,13-10-2022,03-11-2022,39,month,Yes
157993772,15-10-2022,15-10-2022,39,month,No
148769034,15-10-2022,13-03-2023,39,month,Yes
158050283,15-10-2022,07-07-2023,39,month,Yes
157436507,16-10-2022,,39,month,Yes
123808301,16-10-2022,27-10-2022,39,month,Yes
158033452,16-10-2022,02-03-2023,39,month,Yes
156796659,16-10-2022,09-03-2023,39,month,Yes
158093021,16-10-2022,27-12-2022,39,month,Yes
157900412,16-10-2022,09-11-2022,39,month,Yes
152892719,16-10-2022,16-10-2022,39,month,Yes
158009130,17-10-2022,,39,month,Yes
157904656,17-10-2022,15-12-2022,39,month,Yes
157838980,17-10-2022,16-02-2023,39,month,Yes
123402996,17-10-2022,04-01-2023,39,month,Yes
158112356,17-10-2022,30-12-2022,39,month,Yes
152410420,17-10-2022,18-11-2022,39,month,Yes
158164441,17-10-2022,17-11-2022,39,month,Yes
153956466,17-10-2022,17-11-2022,39,month,Yes
158100990,17-10-2022,14-11-2022,39,month,Yes
158096894,17-10-2022,14-11-2022,39,month,Yes
158066376,17-10-2022,08-11-2022,39,month,Yes
158220808,18-10-2022,,39,month,No
131779624,18-10-2022,25-11-2022,39,month,Yes
158267390,18-10-2022,25-12-2022,39,month,Yes
152354478,18-10-2022,02-02-2023,39,month,Yes
146376235,18-10-2022,07-12-2022,39,month,Yes
153953296,18-10-2022,02-11-2022,39,month,Yes
154659594,18-10-2022,14-11-2022,39,month,Yes
157998778,18-10-2022,25-11-2022,39,month,Yes
150668840,18-10-2022,01-11-2022,39,month,Yes
158184958,18-10-2022,02-11-2022,39,month,Yes
158362440,19-10-2022,19-05-2023,39,month,Yes
158477370,19-10-2022,21-02-2023,39,month,Yes
158047538,19-10-2022,22-01-2023,39,month,Yes
157910445,19-10-2022,15-01-2023,39,month,Yes
154091460,19-10-2022,21-06-2023,39,month,Yes
158532103,20-10-2022,13-05-2023,39,month,Yes
158591698,20-10-2022,17-03-2023,39,month,Yes
158533909,20-10-2022,27-01-2023,39,month,Yes
156372496,20-10-2022,15-12-2022,39,month,Yes
158620475,20-10-2022,28-07-2023,39,month,Yes
158539824,20-10-2022,20-06-2023,39,month,Yes
158499042,21-10-2022,,39,month,Yes
158755464,21-10-2022,28-11-2022,39,month,Yes
149112756,21-10-2022,28-05-2023,39,month,Yes
149065622,21-10-2022,28-12-2022,39,month,Yes
158656065,21-10-2022,30-12-2022,39,month,Yes
158756090,21-10-2022,02-11-2022,39,month,Yes
158447710,21-10-2022,18-11-2022,39,month,Yes
157568391,21-10-2022,21-11-2022,39,month,Yes
157505106,22-10-2022,,39,month,Yes
158761363,22-10-2022,26-02-2023,39,month,Yes
144858980,22-10-2022,22-12-2022,39,month,Yes
151000288,22-10-2022,22-12-2022,39,month,Yes
136276852,22-10-2022,22-11-2022,39,month,Yes
158767852,22-10-2022,29-11-2022,39,month,Yes
158849640,23-10-2022,,39,month,Yes
151491892,23-10-2022,24-10-2022,39,month,Yes
157474087,23-10-2022,30-12-2022,39,month,Yes
157997679,23-10-2022,18-06-2023,39,month,Yes
158566772,23-10-2022,21-02-2023,39,month,Yes
157788656,23-10-2022,20-12-2022,39,month,Yes
158832658,23-10-2022,02-11-2022,39,month,Yes
130837976,23-10-2022,23-11-2022,39,month,Yes
159095030,24-10-2022,16-02-2023,39,month,Yes
159028041,24-10-2022,01-12-2022,39,month,Yes
159018168,24-10-2022,01-12-2022,39,month,Yes
157981870,24-10-2022,07-11-2022,39,month,Yes
153061698,24-10-2022,24-11-2022,39,month,Yes
159204523,25-10-2022,,39,month,Yes
159236268,25-10-2022,,39,month,No
159256553,25-10-2022,10-01-2023,39,month,Yes
159211568,25-10-2022,02-01-2023,39,month,Yes
154778395,25-10-2022,28-11-2022,39,month,Yes
157961180,25-10-2022,24-11-2022,39,month,Yes
159281338,26-10-2022,,39,month,Yes
159364232,26-10-2022,,39,month,Yes
159276280,26-10-2022,,39,month,Yes
159326830,26-10-2022,27-10-2022,39,month,Yes
158144924,26-10-2022,23-02-2023,39,month,Yes
159239867,26-10-2022,15-12-2022,39,month,Yes
159108970,26-10-2022,20-12-2022,39,month,Yes
158644133,26-10-2022,26-11-2022,39,month,Yes
153830193,26-10-2022,27-10-2022,39,month,Yes
159664292,27-10-2022,,39,month,Yes
152937944,27-10-2022,28-10-2022,39,month,No
159446393,27-10-2022,19-04-2023,39,month,Yes
156837717,27-10-2022,11-06-2023,39,month,Yes
149000400,27-10-2022,26-02-2023,39,month,Yes
157923615,27-10-2022,03-01-2023,39,month,Yes
159699736,27-10-2022,25-11-2022,39,month,Yes
150816815,27-10-2022,16-11-2022,39,month,Yes
159634168,27-10-2022,30-06-2023,39,month,Yes
158114418,28-10-2022,,39,month,Yes
159706104,28-10-2022,,39,month,Yes
150704581,28-10-2022,10-05-2023,39,month,Yes
159733207,28-10-2022,27-02-2023,39,month,Yes
159775056,28-10-2022,31-03-2023,39,month,Yes
144328609,28-10-2022,25-12-2022,39,month,Yes
153172687,28-10-2022,21-08-2023,39,month,Yes
159861170,29-10-2022,,39,month,Yes
133474642,29-10-2022,20-12-2022,39,month,Yes
159817608,29-10-2022,23-03-2023,39,month,Yes
159867686,29-10-2022,05-01-2023,39,month,Yes
158484064,29-10-2022,05-01-2023,39,month,Yes
159829834,30-10-2022,,39,month,Yes
159875790,30-10-2022,07-03-2023,39,month,Yes
155520280,30-10-2022,07-12-2022,39,month,Yes
159783942,30-10-2022,28-12-2022,39,month,Yes
149696432,30-10-2022,26-11-2022,39,month,Yes
159979372,31-10-2022,,39,month,Yes
153814649,31-10-2022,,39,month,Yes
159931469,31-10-2022,,39,month,Yes
138061210,31-10-2022,31-10-2022,39,month,Yes
141403460,31-10-2022,16-01-2023,39,month,Yes
159991922,31-10-2022,17-12-2022,39,month,Yes
159241648,31-10-2022,14-12-2022,39,month,Yes
150703411,31-10-2022,01-12-2022,39,month,Yes
159773641,31-10-2022,15-11-2022,39,month,Yes
128002797,31-10-2022,30-11-2022,39,month,Yes
155807489,01-11-2022,02-11-2022,39,month,No
143077712,01-11-2022,02-11-2022,39,month,No
159745646,01-11-2022,14-04-2023,39,month,Yes
139004918,01-11-2022,01-12-2022,39,month,Yes
153255183,01-11-2022,16-02-2023,39,month,Yes
157708746,01-11-2022,31-01-2023,39,month,Yes
155652993,01-11-2022,08-01-2023,39,month,Yes
159977918,01-11-2022,24-01-2023,39,month,Yes
160108159,01-11-2022,04-12-2022,39,month,Yes
160051910,01-11-2022,09-11-2022,39,month,Yes
146169043,01-11-2022,10-08-2023,39,month,Yes
159927090,02-11-2022,,39,month,Yes
149188028,02-11-2022,,39,month,Yes
138535334,02-11-2022,15-12-2022,39,month,Yes
159901871,02-11-2022,09-12-2022,39,month,Yes
159620660,02-11-2022,12-12-2022,39,month,Yes
160199525,02-11-2022,23-11-2022,39,month,Yes
160183686,03-11-2022,04-11-2022,39,month,No
152504354,03-11-2022,03-03-2023,39,month,Yes
143164854,03-11-2022,18-02-2023,39,month,Yes
160366020,03-11-2022,03-12-2022,39,month,Yes
160298168,03-11-2022,02-12-2022,39,month,Yes
160243008,03-11-2022,29-12-2022,39,month,Yes
150878120,03-11-2022,10-12-2022,39,month,Yes
160208723,04-11-2022,,39,month,Yes
153539322,04-11-2022,07-02-2023,39,month,Yes
160164472,04-11-2022,24-02-2023,39,month,Yes
160193644,04-11-2022,11-01-2023,39,month,Yes
156294098,04-11-2022,03-12-2022,39,month,Yes
146625866,04-11-2022,19-11-2022,39,month,Yes
157663870,05-11-2022,06-11-2022,39,month,Yes
159679042,05-11-2022,06-11-2022,39,month,No
160558904,05-11-2022,24-01-2023,39,month,Yes
127836197,05-11-2022,05-11-2022,39,month,Yes
155334332,05-11-2022,04-12-2022,39,month,Yes
160523170,05-11-2022,12-12-2022,39,month,Yes
156907890,05-11-2022,05-11-2022,39,month,Yes
160608516,05-11-2022,03-08-2023,39,month,Yes
113181220,05-11-2022,23-07-2023,39,month,Yes
159790393,06-11-2022,13-02-2023,39,month,Yes
147813476,06-11-2022,27-01-2023,39,month,Yes
156078158,06-11-2022,25-01-2023,39,month,Yes
154879898,06-11-2022,17-11-2022,39,month,Yes
136157937,06-11-2022,13-12-2022,39,month,Yes
160176868,06-11-2022,01-12-2022,39,month,Yes
160622888,06-11-2022,06-11-2022,39,month,Yes
158736659,07-11-2022,,39,month,Yes
160813660,07-11-2022,,39,month,Yes
158524240,07-11-2022,,39,month,Yes
160702738,07-11-2022,,39,month,Yes
138919619,07-11-2022,06-12-2022,39,month,Yes
121571816,07-11-2022,26-03-2023,39,month,Yes
160623955,07-11-2022,05-07-2023,39,month,Yes
160010850,07-11-2022,09-03-2023,39,month,Yes
160823268,07-11-2022,06-02-2023,39,month,Yes
158992873,07-11-2022,14-02-2023,39,month,Yes
159878556,07-11-2022,07-12-2022,39,month,Yes
160833652,07-11-2022,14-12-2022,39,month,Yes
157663870,07-11-2022,08-12-2022,39,month,Yes
160615413,07-11-2022,25-12-2022,39,month,Yes
156207052,07-11-2022,04-12-2022,39,month,Yes
160103792,07-11-2022,07-11-2022,39,month,Yes
160969302,09-11-2022,30-08-2023,39,month,Yes
149648746,09-11-2022,02-06-2023,39,month,Yes
155643390,09-11-2022,31-03-2023,39,month,Yes
119294384,09-11-2022,02-03-2023,39,month,Yes
160171541,09-11-2022,03-01-2023,39,month,Yes
150569213,09-11-2022,16-12-2022,39,month,Yes
156710028,10-11-2022,07-03-2023,39,month,Yes
157670310,10-11-2022,01-02-2023,39,month,Yes
157091067,10-11-2022,12-02-2023,39,month,Yes
159639128,10-11-2022,10-11-2022,39,month,Yes
149728468,11-11-2022,12-11-2022,39,month,Yes
160714172,11-11-2022,31-12-2022,39,month,Yes
161464205,11-11-2022,16-12-2022,39,month,Yes
141084753,12-11-2022,19-04-2023,39,month,Yes
161768948,12-11-2022,05-04-2023,39,month,Yes
161692109,12-11-2022,19-02-2023,39,month,Yes
161424706,12-11-2022,09-12-2022,39,month,Yes
153186137,12-11-2022,12-11-2022,39,month,Yes
158906669,13-11-2022,12-02-2023,39,month,Yes
154085972,13-11-2022,05-12-2022,39,month,Yes
162409676,14-11-2022,,39,month,Yes
157438261,14-11-2022,,39,month,Yes
132579012,14-11-2022,14-03-2023,39,month,Yes
129140042,14-11-2022,09-02-2023,39,month,Yes
147100996,14-11-2022,15-01-2023,39,month,Yes
158437198,14-11-2022,26-03-2023,39,month,Yes
162343403,14-11-2022,16-03-2023,39,month,Yes
162218672,14-11-2022,09-03-2023,39,month,Yes
120738319,14-11-2022,03-04-2023,39,month,Yes
162147786,14-11-2022,14-04-2023,39,month,Yes
153165084,14-11-2022,08-02-2023,39,month,Yes
161815335,14-11-2022,19-02-2023,39,month,Yes
162294529,14-11-2022,07-02-2023,39,month,Yes
162176080,14-11-2022,05-02-2023,39,month,Yes
162412232,14-11-2022,21-12-2022,39,month,Yes
158575772,14-11-2022,16-12-2022,39,month,Yes
162247173,14-11-2022,11-12-2022,39,month,Yes
153630282,14-11-2022,08-12-2022,39,month,Yes
156699431,14-11-2022,23-11-2022,39,month,Yes
148018000,14-11-2022,01-08-2023,39,month,Yes
161623906,15-11-2022,,39,month,Yes
145664226,15-11-2022,,39,month,Yes
162529715,15-11-2022,22-03-2023,39,month,Yes
162581284,15-11-2022,11-12-2022,39,month,Yes
152655443,15-11-2022,24-01-2023,39,month,Yes
162443327,15-11-2022,12-01-2023,39,month,Yes
148348600,15-11-2022,13-12-2022,39,month,Yes
162992590,16-11-2022,,39,month,Yes
156633222,16-11-2022,16-11-2022,39,month,No
133595094,16-11-2022,03-03-2023,39,month,Yes
147770763,16-11-2022,03-03-2023,39,month,Yes
155370139,16-11-2022,23-03-2023,39,month,Yes
151890876,16-11-2022,23-02-2023,39,month,Yes
162920304,16-11-2022,15-01-2023,39,month,Yes
148838269,16-11-2022,16-11-2022,39,month,Yes
162913792,16-11-2022,23-08-2023,39,month,Yes
152316740,17-11-2022,,39,month,Yes
135480868,17-11-2022,26-01-2023,39,month,Yes
136315690,17-11-2022,24-02-2023,39,month,Yes
163224262,17-11-2022,12-02-2023,39,month,Yes
163330072,17-11-2022,24-01-2023,39,month,Yes
134646164,17-11-2022,24-12-2022,39,month,Yes
163282336,17-11-2022,10-08-2023,39,month,Yes
162490128,18-11-2022,,39,month,Yes
147122277,18-11-2022,19-11-2022,39,month,No
163623375,18-11-2022,19-11-2022,39,month,No
132918654,18-11-2022,18-01-2023,39,month,Yes
160601062,18-11-2022,09-01-2023,39,month,Yes
144573808,18-11-2022,18-01-2023,39,month,Yes
114435366,18-11-2022,18-11-2022,39,month,Yes
163399934,18-11-2022,18-11-2022,39,month,Yes
133599090,19-11-2022,11-03-2023,39,month,Yes
154767246,19-11-2022,20-12-2022,39,month,Yes
164085988,19-11-2022,20-12-2022,39,month,Yes
164255751,20-11-2022,21-08-2023,39,month,Yes
150663530,20-11-2022,27-04-2023,39,month,Yes
155333508,20-11-2022,19-01-2023,39,month,Yes
163178244,21-11-2022,,39,month,No
130245484,21-11-2022,20-02-2023,39,month,Yes
164578320,21-11-2022,21-12-2022,39,month,Yes
164542692,21-11-2022,28-12-2022,39,month,Yes
164087136,22-11-2022,,39,month,Yes
155414052,22-11-2022,23-11-2022,39,month,No
152253972,22-11-2022,29-03-2023,39,month,Yes
152754329,22-11-2022,23-01-2023,39,month,Yes
159724071,23-11-2022,19-01-2023,39,month,Yes
165164673,23-11-2022,26-11-2022,39,month,Yes
165529460,24-11-2022,21-04-2023,39,month,Yes
163362190,25-11-2022,,39,month,Yes
155810350,25-11-2022,22-12-2022,39,month,Yes
161793136,25-11-2022,13-06-2023,39,month,Yes
159255776,25-11-2022,21-03-2023,39,month,Yes
165807144,25-11-2022,01-02-2023,39,month,Yes
165788743,25-11-2022,18-02-2023,39,month,Yes
162513776,25-11-2022,30-01-2023,39,month,Yes
161841028,25-11-2022,25-01-2023,39,month,Yes
160597612,25-11-2022,11-12-2022,39,month,Yes
165937140,26-11-2022,27-11-2022,39,month,No
165613975,26-11-2022,07-05-2023,39,month,Yes
164662173,26-11-2022,26-01-2023,39,month,Yes
162411394,26-11-2022,04-01-2023,39,month,Yes
121439836,27-11-2022,,39,month,Yes
157353623,27-11-2022,27-11-2022,39,month,No
165953219,27-11-2022,03-01-2023,39,month,Yes
154710805,28-11-2022,,39,month,Yes
164084318,28-11-2022,,39,month,Yes
160043327,28-11-2022,29-11-2022,39,month,No
131166579,28-11-2022,04-01-2023,39,month,Yes
166109726,28-11-2022,12-01-2023,39,month,Yes
155446081,28-11-2022,01-01-2023,39,month,Yes
166342075,28-11-2022,28-12-2022,39,month,Yes
154063985,28-11-2022,04-08-2023,39,month,Yes
164141888,29-11-2022,,39,month,Yes
165244044,29-11-2022,15-05-2023,39,month,Yes
136149379,29-11-2022,02-04-2023,39,month,Yes
158227426,29-11-2022,01-03-2023,39,month,Yes
166366125,29-11-2022,09-03-2023,39,month,Yes
166753946,29-11-2022,05-02-2023,39,month,Yes
157883110,29-11-2022,23-01-2023,39,month,Yes
138475621,29-11-2022,15-12-2022,39,month,Yes
166529240,30-11-2022,,39,month,Yes
125828506,30-11-2022,14-02-2023,39,month,Yes
148869381,30-11-2022,31-01-2023,39,month,Yes
134825962,30-11-2022,01-01-2023,39,month,Yes
151163143,30-11-2022,06-01-2023,39,month,Yes
156111982,30-11-2022,23-12-2022,39,month,Yes
166546201,30-11-2022,11-12-2022,39,month,Yes
162126074,01-12-2022,,39,month,Yes
162640429,01-12-2022,,39,month,Yes
164413682,01-12-2022,,39,month,Yes
162850052,01-12-2022,,39,month,Yes
162177746,01-12-2022,29-12-2022,39,month,Yes
135587508,01-12-2022,09-02-2023,39,month,Yes
161428649,01-12-2022,08-04-2023,39,month,Yes
166977144,01-12-2022,08-04-2023,39,month,Yes
161640666,01-12-2022,01-03-2023,39,month,Yes
165932696,01-12-2022,01-03-2023,39,month,Yes
165204032,01-12-2022,14-02-2023,39,month,Yes
162469903,01-12-2022,08-02-2023,39,month,Yes
166515564,01-12-2022,19-01-2023,39,month,Yes
139323228,01-12-2022,24-01-2023,39,month,Yes
162569750,01-12-2022,04-12-2022,39,month,Yes
165959602,01-12-2022,23-12-2022,39,month,Yes
160968524,01-12-2022,20-07-2023,39,month,Yes
163258260,02-12-2022,,39,month,Yes
167051046,02-12-2022,,39,month,Yes
161182367,02-12-2022,03-12-2022,39,month,Yes
167292985,02-12-2022,03-12-2022,39,month,No
166183014,02-12-2022,03-12-2022,39,month,No
165143920,02-12-2022,02-06-2023,39,month,Yes
165958089,02-12-2022,09-02-2023,39,month,Yes
165431576,02-12-2022,01-02-2023,39,month,Yes
163708513,02-12-2022,30-12-2022,39,month,Yes
164521419,02-12-2022,29-12-2022,39,month,Yes
166257164,02-12-2022,21-12-2022,39,month,Yes
121348156,02-12-2022,06-12-2022,39,month,Yes
167280894,02-12-2022,06-07-2023,39,month,Yes
160980795,03-12-2022,,39,month,Yes
167544686,03-12-2022,,39,month,Yes
161968719,03-12-2022,,39,month,Yes
159070152,03-12-2022,,39,month,Yes
167445788,03-12-2022,04-12-2022,39,month,No
167441263,03-12-2022,10-06-2023,39,month,Yes
167586100,03-12-2022,02-03-2023,39,month,Yes
139789436,03-12-2022,29-01-2023,39,month,Yes
116319450,04-12-2022,19-04-2023,39,month,Yes
162939264,04-12-2022,04-05-2023,39,month,Yes
167711417,04-12-2022,25-03-2023,39,month,Yes
157381517,05-12-2022,,39,month,Yes
162912102,05-12-2022,06-12-2022,39,month,Yes
167833210,05-12-2022,03-07-2023,39,month,Yes
165676999,05-12-2022,05-02-2023,39,month,Yes
167253106,05-12-2022,06-02-2023,39,month,Yes
168022972,05-12-2022,13-01-2023,39,month,Yes
167315920,05-12-2022,05-01-2023,39,month,Yes
167928962,05-12-2022,29-12-2022,39,month,Yes
166211741,06-12-2022,11-04-2023,39,month,Yes
161450418,06-12-2022,04-05-2023,39,month,Yes
144961802,06-12-2022,02-03-2023,39,month,Yes
168137404,06-12-2022,01-02-2023,39,month,Yes
153441732,06-12-2022,13-02-2023,39,month,Yes
167649041,06-12-2022,31-01-2023,39,month,Yes
168089746,06-12-2022,13-01-2023,39,month,Yes
158177274,06-12-2022,26-01-2023,39,month,Yes
168061628,06-12-2022,13-01-2023,39,month,Yes
168436401,07-12-2022,,39,month,Yes
126770376,07-12-2022,02-01-2023,39,month,Yes
153468957,07-12-2022,14-02-2023,39,month,Yes
168336474,07-12-2022,27-02-2023,39,month,Yes
166929423,07-12-2022,28-12-2022,39,month,Yes
163990458,07-12-2022,22-12-2022,39,month,Yes
166411463,08-12-2022,,39,month,Yes
168433088,08-12-2022,,39,month,Yes
155426075,08-12-2022,,39,month,Yes
168555694,08-12-2022,09-12-2022,39,month,No
162912102,08-12-2022,15-05-2023,39,month,Yes
168471192,08-12-2022,03-02-2023,39,month,Yes
168825734,08-12-2022,15-01-2023,39,month,Yes
163852568,08-12-2022,12-12-2022,39,month,Yes
168460834,08-12-2022,27-12-2022,39,month,Yes
169085351,09-12-2022,05-07-2023,39,month,Yes
168456070,09-12-2022,22-04-2023,39,month,Yes
168900021,09-12-2022,06-02-2023,39,month,Yes
169113748,09-12-2022,13-01-2023,39,month,Yes
162193491,09-12-2022,20-01-2023,39,month,Yes
167761722,09-12-2022,16-07-2023,39,month,Yes
169244937,10-12-2022,04-03-2023,39,month,Yes
167923504,10-12-2022,08-02-2023,39,month,Yes
167459469,10-12-2022,14-01-2023,39,month,Yes
123169152,10-12-2022,03-01-2023,39,month,Yes
153157541,11-12-2022,,39,month,Yes
169133180,11-12-2022,,39,month,Yes
129447970,11-12-2022,12-12-2022,39,month,Yes
169388365,11-12-2022,18-06-2023,39,month,Yes
130872019,11-12-2022,11-04-2023,39,month,Yes
167674086,11-12-2022,01-05-2023,39,month,Yes
169590994,11-12-2022,26-02-2023,39,month,Yes
166199181,11-12-2022,18-01-2023,39,month,Yes
169895510,12-12-2022,,39,month,Yes
169837410,12-12-2022,,39,month,Yes
169854397,12-12-2022,,39,month,No
145987169,12-12-2022,27-01-2023,39,month,Yes
169915574,12-12-2022,13-03-2023,39,month,Yes
164632485,12-12-2022,07-03-2023,39,month,Yes
169830063,12-12-2022,30-01-2023,39,month,Yes
162624984,12-12-2022,23-01-2023,39,month,Yes
169020452,12-12-2022,09-08-2023,39,month,Yes
170037760,13-12-2022,,39,month,Yes
116060198,13-12-2022,20-03-2023,39,month,Yes
129798657,13-12-2022,13-03-2023,39,month,Yes
170426615,13-12-2022,13-02-2023,39,month,Yes
161574018,13-12-2022,21-02-2023,39,month,Yes
160272364,14-12-2022,,39,month,Yes
144938943,14-12-2022,,39,month,No
170004555,14-12-2022,11-02-2023,39,month,Yes
167673987,14-12-2022,21-02-2023,39,month,Yes
154448870,14-12-2022,02-01-2023,39,month,Yes
153508650,14-12-2022,31-01-2023,39,month,Yes
156521981,14-12-2022,14-01-2023,39,month,Yes
170897520,14-12-2022,04-07-2023,39,month,Yes
167076396,14-12-2022,04-08-2023,39,month,Yes
170968987,15-12-2022,,39,month,Yes
170154956,15-12-2022,18-04-2023,39,month,Yes
170976924,15-12-2022,30-05-2023,39,month,Yes
171090027,15-12-2022,14-03-2023,39,month,Yes
167135160,15-12-2022,18-01-2023,39,month,Yes
171339244,15-12-2022,15-12-2022,39,month,Yes
169285280,16-12-2022,17-12-2022,39,month,No
137315832,16-12-2022,23-03-2023,39,month,Yes
171286538,16-12-2022,13-04-2023,39,month,Yes
154531106,16-12-2022,14-04-2023,39,month,Yes
169998988,16-12-2022,17-05-2023,39,month,Yes
171860036,16-12-2022,18-03-2023,39,month,Yes
169906376,16-12-2022,13-02-2023,39,month,Yes
171681744,16-12-2022,22-02-2023,39,month,Yes
171375108,16-12-2022,16-01-2023,39,month,Yes
166358674,16-12-2022,23-01-2023,39,month,Yes
168696864,17-12-2022,18-12-2022,39,month,Yes
149303812,17-12-2022,20-02-2023,39,month,Yes
145969392,17-12-2022,01-02-2023,39,month,Yes
169399624,17-12-2022,10-02-2023,39,month,Yes
162423643,17-12-2022,17-12-2022,39,month,Yes
171131528,18-12-2022,,39,month,Yes
172370430,18-12-2022,19-12-2022,39,month,No
122646091,18-12-2022,21-03-2023,39,month,Yes
171688728,18-12-2022,13-01-2023,39,month,Yes
173037778,18-12-2022,27-01-2023,39,month,Yes
139247241,18-12-2022,07-01-2023,39,month,Yes
138235674,19-12-2022,,39,month,Yes
173832314,19-12-2022,26-02-2023,39,month,Yes
170752898,19-12-2022,23-02-2023,39,month,Yes
172517999,19-12-2022,26-01-2023,39,month,Yes
150779000,19-12-2022,02-01-2023,39,month,Yes
171304646,19-12-2022,26-08-2023,39,month,Yes
168696864,20-12-2022,,39,month,Yes
174268714,20-12-2022,,39,month,Yes
147022677,20-12-2022,,39,month,Yes
156864062,20-12-2022,21-12-2022,39,month,No
123065349,20-12-2022,27-03-2023,39,month,Yes
174258180,20-12-2022,29-04-2023,39,month,Yes
174269667,20-12-2022,03-03-2023,39,month,Yes
171889946,20-12-2022,10-02-2023,39,month,Yes
171613468,20-12-2022,22-02-2023,39,month,Yes
122922737,21-12-2022,,39,month,Yes
174646924,21-12-2022,28-03-2023,39,month,Yes
174264280,21-12-2022,28-03-2023,39,month,Yes
174609120,21-12-2022,18-03-2023,39,month,Yes
174158995,21-12-2022,25-02-2023,39,month,Yes
174484311,21-12-2022,25-02-2023,39,month,Yes
169556175,21-12-2022,22-01-2023,39,month,Yes
153122282,21-12-2022,21-12-2022,39,month,Yes
174576654,21-12-2022,07-07-2023,39,month,Yes
154711077,22-12-2022,,39,month,Yes
163619032,22-12-2022,,39,month,Yes
171001864,22-12-2022,,39,month,Yes
151890014,22-12-2022,,39,month,Yes
158575772,22-12-2022,23-12-2022,39,month,Yes
164462665,22-12-2022,23-12-2022,39,month,No
121830768,22-12-2022,24-01-2023,39,month,Yes
174605216,22-12-2022,12-05-2023,39,month,Yes
174655316,22-12-2022,15-03-2023,39,month,Yes
174622570,22-12-2022,01-01-2023,39,month,Yes
174720005,22-12-2022,23-12-2022,39,month,Yes
174696512,23-12-2022,,39,month,Yes
175314293,23-12-2022,,39,month,Yes
175451863,23-12-2022,20-03-2023,39,month,Yes
174752844,23-12-2022,30-01-2023,39,month,Yes
175431141,24-12-2022,,39,month,Yes
132228678,24-12-2022,24-12-2022,39,month,Yes
161151062,24-12-2022,19-04-2023,39,month,Yes
167653319,24-12-2022,13-03-2023,39,month,Yes
171659515,24-12-2022,23-01-2023,39,month,Yes
175720159,24-12-2022,09-01-2023,39,month,Yes
170593141,24-12-2022,08-01-2023,39,month,Yes
173981170,24-12-2022,25-12-2022,39,month,Yes
175166391,25-12-2022,,39,month,Yes
161175048,25-12-2022,22-02-2023,39,month,Yes
164254865,25-12-2022,24-01-2023,39,month,Yes
143248615,26-12-2022,,39,month,Yes
176032070,26-12-2022,14-01-2023,39,month,Yes
174132333,27-12-2022,,39,month,Yes
177051147,27-12-2022,28-12-2022,39,month,Yes
176571319,27-12-2022,01-04-2023,39,month,Yes
166932902,27-12-2022,06-03-2023,39,month,Yes
175851244,27-12-2022,03-02-2023,39,month,Yes
155613371,27-12-2022,03-02-2023,39,month,Yes
167678290,27-12-2022,27-01-2023,39,month,Yes
176995917,27-12-2022,29-06-2023,39,month,Yes
161187523,27-12-2022,19-07-2023,39,month,Yes
175884318,28-12-2022,14-01-2023,39,month,Yes
173911972,28-12-2022,24-04-2023,39,month,Yes
177696301,28-12-2022,27-05-2023,39,month,Yes
165744582,28-12-2022,12-02-2023,39,month,Yes
177323966,28-12-2022,28-12-2022,39,month,Yes
178355844,29-12-2022,,39,month,Yes
176989743,29-12-2022,,39,month,Yes
177971827,29-12-2022,,39,month,Yes
131147038,29-12-2022,13-02-2023,39,month,Yes
152142457,29-12-2022,12-02-2023,39,month,Yes
174293226,29-12-2022,06-06-2023,39,month,Yes
177051147,29-12-2022,27-03-2023,39,month,Yes
177963240,29-12-2022,27-01-2023,39,month,Yes
176639972,29-12-2022,28-01-2023,39,month,Yes
175818000,30-12-2022,09-06-2023,39,month,Yes
117856836,30-12-2022,02-02-2023,39,month,Yes
177266058,30-12-2022,06-04-2023,39,month,Yes
174203866,30-12-2022,28-02-2023,39,month,Yes
174991614,30-12-2022,30-01-2023,39,month,Yes
175354348,30-12-2022,21-01-2023,39,month,Yes
176573512,30-12-2022,03-07-2023,39,month,Yes
178379352,31-12-2022,02-01-2023,39,month,Yes
152980676,31-12-2022,21-01-2023,39,month,Yes
179551652,31-12-2022,07-05-2023,39,month,Yes
175899028,31-12-2022,24-03-2023,39,month,Yes
148427368,31-12-2022,07-02-2023,39,month,Yes
149335749,31-12-2022,30-01-2023,39,month,Yes
179395204,31-12-2022,16-01-2023,39,month,Yes
150870576,01-01-2023,15-06-2023,39,month,Yes
176200716,01-01-2023,24-04-2023,39,month,Yes
178097351,01-01-2023,08-02-2023,39,month,Yes
177238262,02-01-2023,,39,month,Yes
173131478,02-01-2023,,39,month,Yes
180123121,02-01-2023,02-01-2023,39,month,No
139136640,02-01-2023,09-03-2023,39,month,Yes
172951272,02-01-2023,06-05-2023,39,month,Yes
175473611,02-01-2023,23-04-2023,39,month,Yes
170776130,02-01-2023,18-04-2023,39,month,Yes
180558466,02-01-2023,24-03-2023,39,month,Yes
171398636,02-01-2023,10-03-2023,39,month,Yes
180424776,02-01-2023,19-03-2023,39,month,Yes
180198528,02-01-2023,09-02-2023,39,month,Yes
124634385,03-01-2023,,39,month,Yes
180740092,03-01-2023,,39,month,Yes
144385898,03-01-2023,03-07-2023,39,month,Yes
175138132,03-01-2023,23-04-2023,39,month,Yes
180968287,03-01-2023,27-03-2023,39,month,Yes
180959934,03-01-2023,08-03-2023,39,month,Yes
176445635,03-01-2023,18-02-2023,39,month,Yes
180798046,03-01-2023,31-01-2023,39,month,Yes
180718702,03-01-2023,25-01-2023,39,month,Yes
181052392,03-01-2023,23-08-2023,39,month,Yes
181717508,04-01-2023,,39,month,Yes
163103592,04-01-2023,05-01-2023,39,month,No
146860806,04-01-2023,04-03-2023,39,month,Yes
160532210,04-01-2023,12-02-2023,39,month,Yes
181003342,04-01-2023,28-02-2023,39,month,Yes
178661698,04-01-2023,11-07-2023,39,month,Yes
178928897,05-01-2023,,39,month,Yes
181840814,05-01-2023,,39,month,Yes
166930287,05-01-2023,06-01-2023,39,month,No
155956314,05-01-2023,05-01-2023,39,month,No
182408564,05-01-2023,04-05-2023,39,month,Yes
182295766,05-01-2023,12-03-2023,39,month,Yes
155881023,05-01-2023,02-03-2023,39,month,Yes
152750569,05-01-2023,12-02-2023,39,month,Yes
178345451,05-01-2023,12-02-2023,39,month,Yes
179758181,06-01-2023,,39,month,Yes
167266048,06-01-2023,,39,month,Yes
182719870,06-01-2023,04-05-2023,39,month,Yes
182408430,06-01-2023,10-05-2023,39,month,Yes
181072524,06-01-2023,30-06-2023,39,month,Yes
182747824,06-01-2023,13-04-2023,39,month,Yes
182700534,06-01-2023,26-03-2023,39,month,Yes
182727349,06-01-2023,06-02-2023,39,month,Yes
182636324,06-01-2023,03-02-2023,39,month,Yes
170485769,06-01-2023,06-01-2023,39,month,Yes
182627508,06-01-2023,06-01-2023,39,month,Yes
182834016,07-01-2023,14-06-2023,39,month,Yes
163535855,07-01-2023,21-06-2023,39,month,Yes
183002853,07-01-2023,08-04-2023,39,month,Yes
148338824,07-01-2023,07-02-2023,39,month,Yes
181712692,07-01-2023,07-01-2023,39,month,Yes
181770777,08-01-2023,,39,month,Yes
161269602,08-01-2023,08-01-2023,39,month,Yes
145799416,08-01-2023,10-02-2023,39,month,Yes
182753953,08-01-2023,03-04-2023,39,month,Yes
162944728,08-01-2023,01-03-2023,39,month,Yes
161249852,08-01-2023,15-01-2023,39,month,Yes
183916833,09-01-2023,,39,month,Yes
169141612,09-01-2023,10-01-2023,39,month,No
128768010,09-01-2023,12-01-2023,39,month,Yes
138520918,09-01-2023,09-01-2023,39,month,Yes
162946328,09-01-2023,08-05-2023,39,month,Yes
182929556,09-01-2023,10-04-2023,39,month,Yes
153704184,09-01-2023,08-04-2023,39,month,Yes
136326172,09-01-2023,08-03-2023,39,month,Yes
182505210,09-01-2023,08-02-2023,39,month,Yes
184370857,10-01-2023,,39,month,Yes
184310344,10-01-2023,11-04-2023,39,month,Yes
183346055,10-01-2023,17-03-2023,39,month,Yes
178952278,10-01-2023,11-03-2023,39,month,Yes
184345202,10-01-2023,23-02-2023,39,month,Yes
182837162,10-01-2023,05-02-2023,39,month,Yes
182927038,10-01-2023,18-02-2023,39,month,Yes
181739784,10-01-2023,08-02-2023,39,month,Yes
178605410,10-01-2023,17-02-2023,39,month,Yes
184334484,11-01-2023,,39,month,Yes
181576265,11-01-2023,,39,month,Yes
183645116,11-01-2023,,39,month,Yes
184812094,11-01-2023,07-04-2023,39,month,Yes
152089648,11-01-2023,18-03-2023,39,month,Yes
148710968,11-01-2023,07-02-2023,39,month,Yes
183197132,12-01-2023,,39,month,Yes
156239744,12-01-2023,,39,month,Yes
184481262,12-01-2023,,39,month,Yes
153186137,12-01-2023,13-01-2023,39,month,Yes
185374268,12-01-2023,13-01-2023,39,month,No
185367349,12-01-2023,13-01-2023,39,month,No
150793080,12-01-2023,01-03-2023,39,month,Yes
183406772,12-01-2023,05-03-2023,39,month,Yes
175760281,12-01-2023,12-02-2023,39,month,Yes
162095012,12-01-2023,25-01-2023,39,month,Yes
179356036,12-01-2023,12-01-2023,39,month,Yes
184567432,12-01-2023,23-01-2023,39,month,Yes
185503171,12-01-2023,05-07-2023,39,month,Yes
171922477,12-01-2023,28-06-2023,39,month,Yes
144830936,12-01-2023,27-07-2023,39,month,Yes
157474087,13-01-2023,,39,month,Yes
182350116,13-01-2023,,39,month,Yes
132867770,13-01-2023,14-01-2023,39,month,Yes
185561880,13-01-2023,14-01-2023,39,month,No
168884196,13-01-2023,06-04-2023,39,month,Yes
161269602,13-01-2023,20-02-2023,39,month,Yes
185729058,14-01-2023,06-05-2023,39,month,Yes
182527446,14-01-2023,04-05-2023,39,month,Yes
151217806,14-01-2023,05-03-2023,39,month,Yes
181789030,14-01-2023,05-02-2023,39,month,Yes
167939138,14-01-2023,11-07-2023,39,month,Yes
168531226,14-01-2023,13-08-2023,39,month,Yes
183965840,15-01-2023,,39,month,Yes
185522938,15-01-2023,03-05-2023,39,month,Yes
186413122,15-01-2023,02-05-2023,39,month,Yes
186481916,15-01-2023,16-04-2023,39,month,Yes
186177212,15-01-2023,07-03-2023,39,month,Yes
184809175,15-01-2023,07-03-2023,39,month,Yes
186690790,15-01-2023,12-03-2023,39,month,Yes
185711685,15-01-2023,06-02-2023,39,month,Yes
179509273,15-01-2023,30-06-2023,39,month,Yes
186770408,16-01-2023,,39,month,Yes
181025165,16-01-2023,,39,month,Yes
157919304,16-01-2023,16-05-2023,39,month,Yes
187051266,16-01-2023,31-05-2023,39,month,Yes
179713052,16-01-2023,15-04-2023,39,month,Yes
185431487,16-01-2023,26-04-2023,39,month,Yes
157929345,16-01-2023,07-04-2023,39,month,Yes
154087095,16-01-2023,13-03-2023,39,month,Yes
186674235,16-01-2023,14-03-2023,39,month,Yes
182656156,16-01-2023,15-02-2023,39,month,Yes
170319875,16-01-2023,16-01-2023,39,month,Yes
188226033,17-01-2023,,39,month,No
188137320,17-01-2023,,39,month,No
163220556,17-01-2023,18-01-2023,39,month,Yes
182960960,17-01-2023,24-03-2023,39,month,Yes
188175982,17-01-2023,17-02-2023,39,month,Yes
169729060,17-01-2023,19-02-2023,39,month,Yes
186841270,17-01-2023,24-02-2023,39,month,Yes
154563993,17-01-2023,25-02-2023,39,month,Yes
159767828,17-01-2023,24-02-2023,39,month,Yes
183186612,17-01-2023,28-07-2023,39,month,Yes
128603349,18-01-2023,,39,month,Yes
183736457,18-01-2023,19-01-2023,39,month,No
188115641,18-01-2023,18-01-2023,39,month,No
188460699,18-01-2023,18-01-2023,39,month,No
138228332,18-01-2023,25-02-2023,39,month,Yes
184143564,18-01-2023,22-05-2023,39,month,Yes
179508142,18-01-2023,13-06-2023,39,month,Yes
188269607,18-01-2023,16-04-2023,39,month,Yes
181890100,18-01-2023,26-03-2023,39,month,Yes
185642830,18-01-2023,14-03-2023,39,month,Yes
152223051,18-01-2023,25-02-2023,39,month,Yes
156067850,18-01-2023,18-02-2023,39,month,Yes
188701816,18-01-2023,17-02-2023,39,month,Yes
188133192,18-01-2023,19-02-2023,39,month,Yes
183936068,18-01-2023,03-07-2023,39,month,Yes
188119778,18-01-2023,18-06-2023,39,month,Yes
189410056,19-01-2023,,39,month,Yes
184970659,19-01-2023,,39,month,Yes
148476648,19-01-2023,12-05-2023,39,month,Yes
189289885,19-01-2023,20-04-2023,39,month,Yes
150442182,19-01-2023,19-03-2023,39,month,Yes
184826230,19-01-2023,15-02-2023,39,month,Yes
184786342,19-01-2023,19-01-2023,39,month,Yes
181565760,19-01-2023,26-01-2023,39,month,Yes
189278478,20-01-2023,,39,month,Yes
184066428,20-01-2023,,39,month,Yes
135771077,20-01-2023,,39,month,Yes
184831280,20-01-2023,09-05-2023,39,month,Yes
188828652,20-01-2023,01-05-2023,39,month,Yes
188666673,20-01-2023,08-03-2023,39,month,Yes
189880452,20-01-2023,19-02-2023,39,month,Yes
160986271,20-01-2023,27-02-2023,39,month,Yes
187895888,20-01-2023,13-02-2023,39,month,Yes
190871376,21-01-2023,,39,month,Yes
166750222,21-01-2023,02-05-2023,39,month,Yes
189360536,21-01-2023,25-04-2023,39,month,Yes
188197564,21-01-2023,20-04-2023,39,month,Yes
191034251,21-01-2023,15-02-2023,39,month,Yes
182972593,21-01-2023,03-02-2023,39,month,Yes
182958960,22-01-2023,23-01-2023,39,month,Yes
163220556,22-01-2023,09-03-2023,39,month,Yes
191730833,22-01-2023,21-03-2023,39,month,Yes
189680563,22-01-2023,21-03-2023,39,month,Yes
190666110,23-01-2023,,39,month,Yes
180622613,23-01-2023,,39,month,Yes
188827172,23-01-2023,,39,month,Yes
188068965,23-01-2023,30-05-2023,39,month,Yes
182958960,23-01-2023,02-03-2023,39,month,Yes
191999674,23-01-2023,13-02-2023,39,month,Yes
183451114,23-01-2023,30-08-2023,39,month,Yes
191807491,24-01-2023,,39,month,Yes
157833252,24-01-2023,07-09-2023,39,month,Yes
188162430,24-01-2023,16-06-2023,39,month,Yes
190733249,24-01-2023,20-03-2023,39,month,Yes
192539054,24-01-2023,28-02-2023,39,month,Yes
193572822,24-01-2023,20-02-2023,39,month,Yes
141399368,25-01-2023,,39,month,Yes
193285633,25-01-2023,,39,month,Yes
193891378,25-01-2023,,39,month,Yes
153628260,25-01-2023,26-01-2023,39,month,Yes
194719566,25-01-2023,25-01-2023,39,month,No
176559401,25-01-2023,25-01-2023,39,month,No
150178354,25-01-2023,25-05-2023,39,month,Yes
192395073,25-01-2023,06-04-2023,39,month,Yes
152690237,25-01-2023,22-03-2023,39,month,Yes
151572886,25-01-2023,12-03-2023,39,month,Yes
193869975,25-01-2023,15-03-2023,39,month,Yes
175077871,25-01-2023,15-03-2023,39,month,Yes
193229869,25-01-2023,01-03-2023,39,month,Yes
189257579,26-01-2023,,39,month,Yes
184333409,26-01-2023,,39,month,Yes
144719454,26-01-2023,,39,month,Yes
195759475,26-01-2023,,39,month,Yes
167602454,26-01-2023,,39,month,Yes
148838269,26-01-2023,,39,month,Yes
195938394,26-01-2023,23-06-2023,39,month,Yes
194091086,26-01-2023,04-04-2023,39,month,Yes
181456580,26-01-2023,23-04-2023,39,month,Yes
169302100,26-01-2023,30-03-2023,39,month,Yes
180997025,26-01-2023,05-03-2023,39,month,Yes
196091620,26-01-2023,02-02-2023,39,month,Yes
189277140,26-01-2023,23-02-2023,39,month,Yes
195279352,26-01-2023,23-02-2023,39,month,Yes
191113428,26-01-2023,26-01-2023,39,month,Yes
193802414,26-01-2023,27-06-2023,39,month,Yes
115735280,27-01-2023,,39,month,Yes
153026024,27-01-2023,,39,month,Yes
196069557,27-01-2023,,39,month,Yes
193666586,27-01-2023,,39,month,Yes
192550222,27-01-2023,,39,month,Yes
196022560,27-01-2023,05-09-2023,39,month,Yes
196715854,27-01-2023,28-01-2023,39,month,No
196969212,27-01-2023,24-04-2023,39,month,Yes
196308725,27-01-2023,31-03-2023,39,month,Yes
196245690,27-01-2023,27-03-2023,39,month,Yes
195988242,27-01-2023,06-03-2023,39,month,Yes
192068317,27-01-2023,28-03-2023,39,month,Yes
195039185,27-01-2023,23-02-2023,39,month,Yes
188563149,27-01-2023,16-08-2023,39,month,Yes
188748439,27-01-2023,19-08-2023,39,month,Yes
160873880,28-01-2023,,39,month,Yes
160379194,28-01-2023,28-01-2023,39,month,Yes
194169961,28-01-2023,24-03-2023,39,month,Yes
184209232,28-01-2023,07-03-2023,39,month,Yes
195198228,28-01-2023,17-02-2023,39,month,Yes
153657568,29-01-2023,,39,month,Yes
127697219,29-01-2023,25-05-2023,39,month,Yes
198448283,29-01-2023,06-07-2023,39,month,Yes
159483118,29-01-2023,01-03-2023,39,month,Yes
152433647,29-01-2023,13-03-2023,39,month,Yes
154790198,29-01-2023,15-02-2023,39,month,Yes
191896242,30-01-2023,,39,month,Yes
136407072,30-01-2023,31-07-2023,39,month,Yes
199439964,30-01-2023,06-06-2023,39,month,Yes
199255574,30-01-2023,21-06-2023,39,month,Yes
167938302,30-01-2023,06-04-2023,39,month,Yes
154173057,30-01-2023,04-02-2023,39,month,Yes
153199550,30-01-2023,02-02-2023,39,month,Yes
199302158,30-01-2023,02-02-2023,39,month,Yes
187482966,30-01-2023,09-08-2023,39,month,Yes
168436547,30-01-2023,20-07-2023,39,month,Yes
195007481,31-01-2023,,39,month,Yes
181830574,31-01-2023,,39,month,Yes
198691553,31-01-2023,,39,month,Yes
200001674,31-01-2023,28-05-2023,39,month,Yes
200252155,31-01-2023,07-06-2023,39,month,Yes
188206991,31-01-2023,17-04-2023,39,month,Yes
184330352,31-01-2023,30-04-2023,39,month,Yes
198701510,31-01-2023,15-04-2023,39,month,Yes
164909402,31-01-2023,27-02-2023,39,month,Yes
126737063,31-01-2023,18-08-2023,39,month,Yes
194472898,01-02-2023,,39,month,Yes
200962065,01-02-2023,,39,month,Yes
196821289,01-02-2023,,39,month,Yes
200867442,01-02-2023,,39,month,Yes
187855576,01-02-2023,,39,month,Yes
198475060,01-02-2023,02-02-2023,39,month,No
137201021,01-02-2023,29-06-2023,39,month,Yes
192942271,01-02-2023,27-06-2023,39,month,Yes
155088727,01-02-2023,25-05-2023,39,month,Yes
145416349,01-02-2023,01-05-2023,39,month,Yes
154064672,01-02-2023,25-04-2023,39,month,Yes
174670793,01-02-2023,23-04-2023,39,month,Yes
200600365,01-02-2023,13-04-2023,39,month,Yes
196253752,01-02-2023,19-02-2023,39,month,Yes
148710722,01-02-2023,03-02-2023,39,month,Yes
201015936,01-02-2023,14-02-2023,39,month,Yes
200766423,01-02-2023,06-02-2023,39,month,Yes
188152753,01-02-2023,10-03-2023,39,month,Yes
194406214,01-02-2023,11-08-2023,39,month,Yes
199388324,02-02-2023,,39,month,Yes
202030516,02-02-2023,,39,month,Yes
196926212,02-02-2023,,39,month,Yes
199374328,02-02-2023,06-07-2023,39,month,Yes
201313318,02-02-2023,30-05-2023,39,month,Yes
200960179,02-02-2023,31-05-2023,39,month,Yes
180890046,02-02-2023,27-05-2023,39,month,Yes
159227956,02-02-2023,09-05-2023,39,month,Yes
182325407,02-02-2023,03-04-2023,39,month,Yes
194828965,02-02-2023,02-04-2023,39,month,Yes
202139613,02-02-2023,06-03-2023,39,month,Yes
202137510,02-02-2023,10-03-2023,39,month,Yes
201182176,02-02-2023,02-03-2023,39,month,Yes
202010803,02-02-2023,01-03-2023,39,month,Yes
131734107,03-02-2023,03-09-2023,39,month,Yes
202277130,03-02-2023,01-04-2023,39,month,Yes
137196428,03-02-2023,09-03-2023,39,month,Yes
153568282,03-02-2023,16-02-2023,39,month,Yes
199895190,03-02-2023,13-03-2023,39,month,Yes
200894076,03-02-2023,30-03-2023,39,month,Yes
201162862,03-02-2023,10-03-2023,39,month,Yes
198748705,03-02-2023,26-03-2023,39,month,Yes
202308735,03-02-2023,21-08-2023,39,month,Yes
202276540,03-02-2023,03-07-2023,39,month,Yes
202401357,04-02-2023,,39,month,Yes
184539258,04-02-2023,02-05-2023,39,month,Yes
202349754,04-02-2023,08-05-2023,39,month,Yes
202410436,04-02-2023,25-02-2023,39,month,Yes
197151544,04-02-2023,21-03-2023,39,month,Yes
202305934,04-02-2023,19-03-2023,39,month,Yes
202304812,05-02-2023,,39,month,Yes
160030890,05-02-2023,,39,month,Yes
202524608,05-02-2023,,39,month,Yes
198447368,05-02-2023,,39,month,Yes
202458624,05-02-2023,,39,month,Yes
132256211,05-02-2023,12-03-2023,39,month,Yes
202504135,05-02-2023,12-06-2023,39,month,Yes
192182455,05-02-2023,06-05-2023,39,month,Yes
202505276,05-02-2023,14-03-2023,39,month,Yes
152050632,06-02-2023,,39,month,Yes
201313284,06-02-2023,,39,month,Yes
202118292,06-02-2023,,39,month,Yes
202298964,06-02-2023,,39,month,Yes
202496216,06-02-2023,,39,month,Yes
152354478,06-02-2023,,39,month,Yes
200490112,06-02-2023,07-02-2023,39,month,No
131310280,06-02-2023,17-02-2023,39,month,Yes
154161250,06-02-2023,21-03-2023,39,month,Yes
150521180,06-02-2023,05-06-2023,39,month,Yes
195280988,06-02-2023,21-06-2023,39,month,Yes
201231494,06-02-2023,09-05-2023,39,month,Yes
199554496,06-02-2023,08-02-2023,39,month,Yes
125747106,06-02-2023,04-03-2023,39,month,Yes
195345030,06-02-2023,04-03-2023,39,month,Yes
202269874,06-02-2023,25-03-2023,39,month,Yes
191036527,06-02-2023,07-03-2023,39,month,Yes
202633556,06-02-2023,22-02-2023,39,month,Yes
202750328,06-02-2023,02-08-2023,39,month,Yes
192781688,07-02-2023,,39,month,Yes
196859472,07-02-2023,,39,month,Yes
200333728,07-02-2023,,39,month,Yes
129896329,07-02-2023,,39,month,Yes
168202891,07-02-2023,07-02-2023,39,month,No
202924219,07-02-2023,20-06-2023,39,month,Yes
202863670,07-02-2023,14-04-2023,39,month,Yes
202398629,07-02-2023,06-03-2023,39,month,Yes
188448878,07-02-2023,07-02-2023,39,month,Yes
203254948,08-02-2023,,39,month,Yes
203120229,08-02-2023,17-06-2023,39,month,Yes
203225874,08-02-2023,04-05-2023,39,month,Yes
203107308,08-02-2023,16-05-2023,39,month,Yes
156558244,08-02-2023,31-07-2023,39,month,Yes
194306726,08-02-2023,01-03-2023,39,month,Yes
202410948,08-02-2023,15-03-2023,39,month,Yes
203166018,08-02-2023,08-03-2023,39,month,Yes
203116697,08-02-2023,23-03-2023,39,month,Yes
202982608,08-02-2023,02-03-2023,39,month,Yes
198167700,08-02-2023,11-02-2023,39,month,Yes
190567582,08-02-2023,22-02-2023,39,month,Yes
202699972,08-02-2023,07-08-2023,39,month,Yes
203242766,09-02-2023,,39,month,Yes
203398103,09-02-2023,,39,month,Yes
203243685,09-02-2023,,39,month,Yes
203370322,09-02-2023,,39,month,Yes
138689458,09-02-2023,,39,month,Yes
203315186,09-02-2023,,39,month,Yes
203292575,09-02-2023,,39,month,Yes
144830936,09-02-2023,10-02-2023,39,month,Yes
168980588,09-02-2023,09-02-2023,39,month,No
136832520,09-02-2023,10-03-2023,39,month,Yes
202103959,09-02-2023,27-05-2023,39,month,Yes
148764147,09-02-2023,08-04-2023,39,month,Yes
182748610,09-02-2023,11-04-2023,39,month,Yes
197883626,09-02-2023,16-03-2023,39,month,Yes
195893842,09-02-2023,28-02-2023,39,month,Yes
169081778,09-02-2023,16-08-2023,39,month,Yes
150422738,10-02-2023,11-02-2023,39,month,Yes
190839721,10-02-2023,17-03-2023,39,month,Yes
152193617,11-02-2023,,39,month,Yes
133869989,11-02-2023,12-02-2023,39,month,Yes
186843516,11-02-2023,19-04-2023,39,month,Yes
138913080,11-02-2023,22-04-2023,39,month,Yes
134879280,11-02-2023,07-03-2023,39,month,Yes
160878134,13-02-2023,,39,month,Yes
144423338,13-02-2023,21-08-2023,39,month,Yes
136218542,13-02-2023,13-05-2023,39,month,Yes
204121686,13-02-2023,12-06-2023,39,month,Yes
204114138,13-02-2023,10-05-2023,39,month,Yes
152197442,13-02-2023,13-03-2023,39,month,Yes
151695881,13-02-2023,27-03-2023,39,month,Yes
204378294,14-02-2023,,39,month,Yes
204376665,14-02-2023,,39,month,Yes
204270637,14-02-2023,,39,month,Yes
204380751,14-02-2023,14-02-2023,39,month,Yes
204402989,14-02-2023,08-06-2023,39,month,Yes
203403136,14-02-2023,12-06-2023,39,month,Yes
198453918,14-02-2023,15-05-2023,39,month,Yes
133514912,14-02-2023,07-03-2023,39,month,Yes
203414698,14-02-2023,26-03-2023,39,month,Yes
190400854,14-02-2023,20-07-2023,39,month,Yes
204114797,14-02-2023,18-06-2023,39,month,Yes
202377942,15-02-2023,,39,month,Yes
204555612,15-02-2023,15-02-2023,39,month,No
204556376,15-02-2023,15-02-2023,39,month,No
204515997,15-02-2023,14-06-2023,39,month,Yes
153342734,15-02-2023,22-03-2023,39,month,Yes
204650391,16-02-2023,,39,month,Yes
150906486,16-02-2023,17-03-2023,39,month,Yes
153961940,16-02-2023,16-02-2023,39,month,Yes
154175766,16-02-2023,15-03-2023,39,month,Yes
204631298,16-02-2023,17-04-2023,39,month,Yes
195534585,16-02-2023,14-04-2023,39,month,Yes
176421166,16-02-2023,14-04-2023,39,month,Yes
204679416,16-02-2023,17-03-2023,39,month,Yes
204448721,16-02-2023,18-02-2023,39,month,Yes
151908347,16-02-2023,18-06-2023,39,month,Yes
150652956,17-02-2023,18-02-2023,39,month,Yes
183321644,17-02-2023,17-02-2023,39,month,No
204740476,17-02-2023,14-03-2023,39,month,No
204439086,17-02-2023,16-06-2023,39,month,Yes
204685109,17-02-2023,23-05-2023,39,month,Yes
175211528,17-02-2023,23-02-2023,39,month,Yes
204646698,17-02-2023,17-02-2023,39,month,Yes
204728203,17-02-2023,06-08-2023,39,month,Yes
166674547,17-02-2023,22-06-2023,39,month,Yes
202459470,18-02-2023,,39,month,Yes
155508761,18-02-2023,,39,month,Yes
168484421,18-02-2023,18-02-2023,39,month,No
130864124,18-02-2023,19-02-2023,39,month,Yes
204752959,18-02-2023,25-06-2023,39,month,Yes
204761235,18-02-2023,17-05-2023,39,month,Yes
159142615,18-02-2023,28-05-2023,39,month,Yes
204753316,18-02-2023,25-03-2023,39,month,Yes
195188483,19-02-2023,,39,month,Yes
204773056,19-02-2023,,39,month,Yes
204814698,19-02-2023,22-08-2023,39,month,Yes
204732463,19-02-2023,12-06-2023,39,month,Yes
204772360,19-02-2023,18-04-2023,39,month,Yes
204812582,19-02-2023,07-04-2023,39,month,Yes
204662556,19-02-2023,02-04-2023,39,month,Yes
163781430,19-02-2023,26-04-2023,39,month,Yes
143963064,19-02-2023,18-07-2023,39,month,Yes
204797166,19-02-2023,06-03-2023,39,month,Yes
204774421,19-02-2023,14-03-2023,39,month,Yes
204801675,19-02-2023,22-03-2023,39,month,Yes
204518099,19-02-2023,24-02-2023,39,month,Yes
204814320,20-02-2023,,39,month,Yes
126851221,20-02-2023,,39,month,Yes
204845935,20-02-2023,,39,month,Yes
122215146,20-02-2023,21-02-2023,39,month,Yes
147300748,20-02-2023,12-07-2023,39,month,Yes
162596645,20-02-2023,28-06-2023,39,month,Yes
177666771,20-02-2023,12-06-2023,39,month,Yes
204884248,20-02-2023,02-05-2023,39,month,Yes
204826054,20-02-2023,31-05-2023,39,month,Yes
145096572,20-02-2023,14-03-2023,39,month,Yes
158472404,20-02-2023,10-03-2023,39,month,Yes
204907118,20-02-2023,10-04-2023,39,month,Yes
204602410,20-02-2023,20-03-2023,39,month,Yes
204853460,20-02-2023,19-07-2023,39,month,Yes
194310997,20-02-2023,17-07-2023,39,month,Yes
204902258,21-02-2023,,39,month,Yes
162865034,21-02-2023,28-03-2023,39,month,Yes
204467695,21-02-2023,09-05-2023,39,month,Yes
204774193,21-02-2023,30-05-2023,39,month,Yes
189046085,21-02-2023,18-05-2023,39,month,Yes
188082436,21-02-2023,04-04-2023,39,month,Yes
204947361,21-02-2023,05-04-2023,39,month,Yes
158852962,21-02-2023,14-04-2023,39,month,Yes
204742960,21-02-2023,06-03-2023,39,month,Yes
204726042,21-02-2023,17-03-2023,39,month,Yes
204997225,22-02-2023,,39,month,Yes
126103612,22-02-2023,,39,month,Yes
204934860,22-02-2023,23-02-2023,39,month,No
197086298,22-02-2023,02-05-2023,39,month,Yes
204732760,22-02-2023,21-04-2023,39,month,Yes
204985175,22-02-2023,13-04-2023,39,month,Yes
189387698,22-02-2023,07-04-2023,39,month,Yes
144160302,22-02-2023,06-04-2023,39,month,Yes
195774465,22-02-2023,29-04-2023,39,month,Yes
204890622,22-02-2023,18-03-2023,39,month,Yes
204206841,22-02-2023,08-03-2023,39,month,Yes
204955216,22-02-2023,20-03-2023,39,month,Yes
204992891,22-02-2023,03-08-2023,39,month,Yes
139152786,23-02-2023,,39,month,Yes
204753108,23-02-2023,,39,month,Yes
136703646,23-02-2023,07-04-2023,39,month,Yes
204294672,23-02-2023,31-05-2023,39,month,Yes
189505981,23-02-2023,30-04-2023,39,month,Yes
115899168,23-02-2023,03-04-2023,39,month,Yes
200117920,23-02-2023,22-03-2023,39,month,Yes
205057455,23-02-2023,26-03-2023,39,month,Yes
205028691,23-02-2023,10-03-2023,39,month,Yes
204857146,23-02-2023,10-03-2023,39,month,Yes
134131772,24-02-2023,16-06-2023,39,month,Yes
148942254,24-02-2023,11-06-2023,39,month,Yes
204512235,24-02-2023,16-06-2023,39,month,Yes
204977028,24-02-2023,01-05-2023,39,month,Yes
205122220,24-02-2023,13-04-2023,39,month,Yes
179578904,24-02-2023,18-04-2023,39,month,Yes
205120086,24-02-2023,04-04-2023,39,month,Yes
158097854,24-02-2023,30-03-2023,39,month,Yes
204760569,24-02-2023,15-03-2023,39,month,Yes
204982432,24-02-2023,31-03-2023,39,month,Yes
158351648,24-02-2023,01-09-2023,39,month,Yes
195325206,25-02-2023,,39,month,Yes
205102955,25-02-2023,,39,month,Yes
188092110,25-02-2023,09-04-2023,39,month,Yes
147615998,25-02-2023,16-04-2023,39,month,Yes
164751472,25-02-2023,16-04-2023,39,month,Yes
205215538,25-02-2023,02-03-2023,39,month,Yes
162962849,26-02-2023,05-05-2023,39,month,Yes
154229833,26-02-2023,14-03-2023,39,month,Yes
205338718,26-02-2023,27-03-2023,39,month,Yes
180798046,27-02-2023,,39,month,Yes
135298992,27-02-2023,19-03-2023,39,month,Yes
153141802,27-02-2023,03-06-2023,39,month,Yes
189149014,27-02-2023,20-06-2023,39,month,Yes
180438277,27-02-2023,19-05-2023,39,month,Yes
205471532,27-02-2023,27-04-2023,39,month,Yes
188065488,27-02-2023,25-04-2023,39,month,Yes
205387672,27-02-2023,09-04-2023,39,month,Yes
196251908,27-02-2023,27-02-2023,39,month,Yes
157884031,27-02-2023,30-03-2023,39,month,Yes
204571386,27-02-2023,23-03-2023,39,month,Yes
162909529,27-02-2023,01-08-2023,39,month,Yes
152043244,28-02-2023,,39,month,Yes
204567111,28-02-2023,,39,month,Yes
205487880,28-02-2023,,39,month,Yes
205489808,28-02-2023,,39,month,Yes
125828506,28-02-2023,01-03-2023,39,month,Yes
154701159,28-02-2023,27-03-2023,39,month,Yes
204865394,28-02-2023,04-04-2023,39,month,Yes
205044276,28-02-2023,27-04-2023,39,month,Yes
194873337,28-02-2023,18-04-2023,39,month,Yes
205492734,28-02-2023,22-03-2023,39,month,Yes
205548739,01-03-2023,,39,month,Yes
202228372,01-03-2023,,39,month,Yes
205034931,01-03-2023,02-03-2023,39,month,No
205129178,01-03-2023,21-06-2023,39,month,Yes
160114911,01-03-2023,08-04-2023,39,month,Yes
168200039,01-03-2023,08-04-2023,39,month,Yes
190622411,01-03-2023,04-04-2023,39,month,Yes
204528713,01-03-2023,18-04-2023,39,month,Yes
205573796,01-03-2023,13-04-2023,39,month,Yes
182009986,01-03-2023,29-03-2023,39,month,Yes
205606022,01-03-2023,21-03-2023,39,month,Yes
205580089,01-03-2023,30-03-2023,39,month,Yes
192949504,01-03-2023,28-03-2023,39,month,Yes
205658636,02-03-2023,,39,month,Yes
205615727,02-03-2023,26-06-2023,39,month,Yes
205448424,02-03-2023,30-05-2023,39,month,Yes
196009696,02-03-2023,02-05-2023,39,month,Yes
205026372,02-03-2023,02-05-2023,39,month,Yes
167165752,02-03-2023,30-05-2023,39,month,Yes
205664425,02-03-2023,25-04-2023,39,month,Yes
199179611,02-03-2023,23-04-2023,39,month,Yes
205660933,02-03-2023,02-04-2023,39,month,Yes
205660195,02-03-2023,03-04-2023,39,month,Yes
168598418,02-03-2023,22-04-2023,39,month,Yes
161182367,02-03-2023,09-04-2023,39,month,Yes
156943008,02-03-2023,02-03-2023,39,month,Yes
190657026,02-03-2023,29-03-2023,39,month,Yes
205700946,03-03-2023,,39,month,Yes
165807144,03-03-2023,,39,month,Yes
125635419,03-03-2023,04-03-2023,39,month,Yes
205707486,03-03-2023,04-03-2023,39,month,No
150663700,03-03-2023,04-03-2023,39,month,No
149157588,03-03-2023,10-05-2023,39,month,Yes
205686881,03-03-2023,10-06-2023,39,month,Yes
138347540,03-03-2023,08-05-2023,39,month,Yes
154344817,03-03-2023,20-04-2023,39,month,Yes
205530810,03-03-2023,10-04-2023,39,month,Yes
205731473,03-03-2023,19-03-2023,39,month,Yes
205692510,04-03-2023,,39,month,Yes
191670525,04-03-2023,12-05-2023,39,month,Yes
205492489,04-03-2023,11-05-2023,39,month,Yes
205026942,04-03-2023,04-05-2023,39,month,Yes
205768824,04-03-2023,01-04-2023,39,month,Yes
160824884,04-03-2023,02-04-2023,39,month,Yes
205742224,04-03-2023,04-03-2023,39,month,Yes
205804144,05-03-2023,26-06-2023,39,month,Yes
205703512,05-03-2023,29-05-2023,39,month,Yes
131181843,05-03-2023,05-03-2023,39,month,Yes
205713052,06-03-2023,,39,month,Yes
138121122,06-03-2023,,39,month,Yes
191326286,06-03-2023,,39,month,Yes
178838732,06-03-2023,,39,month,Yes
205871342,06-03-2023,,39,month,Yes
202160641,06-03-2023,05-06-2023,39,month,Yes
205786362,06-03-2023,26-05-2023,39,month,Yes
159798906,06-03-2023,07-04-2023,39,month,Yes
166276152,06-03-2023,03-04-2023,39,month,Yes
156353738,06-03-2023,13-03-2023,39,month,Yes
205864612,06-03-2023,18-03-2023,39,month,Yes
142757196,07-03-2023,09-07-2023,39,month,Yes
205971108,07-03-2023,22-06-2023,39,month,Yes
206001231,07-03-2023,31-05-2023,39,month,Yes
205878686,07-03-2023,07-03-2023,39,month,Yes
206052140,08-03-2023,,39,month,Yes
154082747,08-03-2023,09-03-2023,39,month,Yes
206017161,08-03-2023,09-03-2023,39,month,No
203152686,08-03-2023,21-05-2023,39,month,Yes
203320717,08-03-2023,07-04-2023,39,month,Yes
206076518,09-03-2023,,39,month,Yes
205881578,09-03-2023,27-08-2023,39,month,Yes
152513944,09-03-2023,10-03-2023,39,month,Yes
132371176,09-03-2023,10-03-2023,39,month,No
135092264,09-03-2023,11-07-2023,39,month,Yes
151297084,09-03-2023,25-05-2023,39,month,Yes
167010855,09-03-2023,08-06-2023,39,month,Yes
206122788,09-03-2023,16-06-2023,39,month,Yes
158439764,09-03-2023,01-05-2023,39,month,Yes
136723151,09-03-2023,07-04-2023,39,month,Yes
205875358,09-03-2023,22-04-2023,39,month,Yes
206082900,09-03-2023,01-08-2023,39,month,Yes
206139451,10-03-2023,,39,month,Yes
206196328,10-03-2023,,39,month,Yes
201122030,10-03-2023,05-06-2023,39,month,Yes
156218152,10-03-2023,09-06-2023,39,month,Yes
162718092,10-03-2023,10-05-2023,39,month,Yes
174606946,10-03-2023,09-05-2023,39,month,Yes
206159331,10-03-2023,25-03-2023,39,month,Yes
206272716,11-03-2023,,39,month,Yes
138104184,11-03-2023,07-09-2023,39,month,Yes
168264884,11-03-2023,10-05-2023,39,month,Yes
153200640,11-03-2023,12-04-2023,39,month,Yes
206251362,11-03-2023,18-04-2023,39,month,Yes
192386902,11-03-2023,18-04-2023,39,month,Yes
205851263,11-03-2023,14-03-2023,39,month,Yes
197873706,12-03-2023,12-08-2023,39,month,Yes
206284048,12-03-2023,18-03-2023,39,month,Yes
149761545,12-03-2023,24-07-2023,39,month,Yes
155010717,13-03-2023,31-05-2023,39,month,Yes
151407531,13-03-2023,12-04-2023,39,month,Yes
206407796,13-03-2023,12-05-2023,39,month,Yes
206247835,13-03-2023,25-05-2023,39,month,Yes
206382927,13-03-2023,24-05-2023,39,month,Yes
206147500,13-03-2023,18-05-2023,39,month,Yes
206330714,13-03-2023,07-04-2023,39,month,Yes
206121650,13-03-2023,09-04-2023,39,month,Yes
182504578,13-03-2023,20-04-2023,39,month,Yes
204362311,13-03-2023,14-06-2023,39,month,Yes
206504573,14-03-2023,,39,month,Yes
206490851,14-03-2023,,39,month,Yes
206468868,14-03-2023,,39,month,Yes
206316124,14-03-2023,,39,month,Yes
203404034,14-03-2023,22-06-2023,39,month,Yes
206284545,14-03-2023,03-06-2023,39,month,Yes
206470657,14-03-2023,03-05-2023,39,month,Yes
206458744,14-03-2023,24-04-2023,39,month,Yes
206122814,14-03-2023,13-04-2023,39,month,Yes
206549666,15-03-2023,,39,month,Yes
133623621,15-03-2023,,39,month,Yes
130982816,15-03-2023,,39,month,Yes
143776119,15-03-2023,28-08-2023,39,month,Yes
206542743,15-03-2023,16-03-2023,39,month,No
206158603,15-03-2023,16-03-2023,39,month,No
206548046,15-03-2023,08-06-2023,39,month,Yes
168464004,15-03-2023,01-06-2023,39,month,Yes
146330379,15-03-2023,19-04-2023,39,month,Yes
206006946,15-03-2023,22-05-2023,39,month,Yes
206531388,15-03-2023,05-04-2023,39,month,Yes
206512820,15-03-2023,12-07-2023,39,month,Yes
206501414,16-03-2023,,39,month,Yes
181175226,16-03-2023,31-03-2023,39,month,Yes
148758550,17-03-2023,,39,month,Yes
206682036,17-03-2023,,39,month,Yes
206149654,17-03-2023,,39,month,Yes
206653056,17-03-2023,,39,month,Yes
198466025,17-03-2023,,39,month,Yes
206685935,17-03-2023,18-03-2023,39,month,No
206659390,17-03-2023,18-03-2023,39,month,No
206550926,17-03-2023,17-04-2023,39,month,Yes
206673590,17-03-2023,30-03-2023,39,month,Yes
205593462,17-03-2023,10-08-2023,39,month,Yes
205889926,18-03-2023,,39,month,Yes
151713121,18-03-2023,,39,month,Yes
206759898,18-03-2023,19-03-2023,39,month,No
206750792,18-03-2023,19-03-2023,39,month,No
206742592,18-03-2023,19-03-2023,39,month,No
206700008,18-03-2023,19-03-2023,39,month,No
156170916,18-03-2023,14-08-2023,39,month,Yes
206607664,18-03-2023,25-04-2023,39,month,Yes
183332399,19-03-2023,,39,month,Yes
176705210,19-03-2023,20-03-2023,39,month,Yes
154901722,19-03-2023,19-03-2023,39,month,Yes
153438676,19-03-2023,26-05-2023,39,month,Yes
154901722,19-03-2023,04-05-2023,39,month,Yes
123768696,19-03-2023,11-04-2023,39,month,Yes
142976081,19-03-2023,19-04-2023,39,month,Yes
152223051,20-03-2023,,39,month,Yes
206865174,20-03-2023,,39,month,Yes
143327052,20-03-2023,,39,month,Yes
202270426,20-03-2023,21-03-2023,39,month,Yes
185602413,20-03-2023,27-06-2023,39,month,Yes
206679618,20-03-2023,01-05-2023,39,month,Yes
127561439,20-03-2023,19-04-2023,39,month,Yes
176705210,20-03-2023,20-03-2023,39,month,Yes
206693452,21-03-2023,,39,month,Yes
193499084,21-03-2023,,39,month,Yes
206995576,21-03-2023,25-08-2023,39,month,Yes
154783053,21-03-2023,04-05-2023,39,month,Yes
158349405,21-03-2023,16-08-2023,39,month,Yes
205554002,21-03-2023,15-08-2023,39,month,Yes
207045565,22-03-2023,,39,month,Yes
205483607,22-03-2023,,39,month,Yes
147662374,22-03-2023,,39,month,Yes
150652956,22-03-2023,11-04-2023,39,month,Yes
206527656,22-03-2023,08-06-2023,39,month,Yes
207041353,22-03-2023,19-05-2023,39,month,Yes
204448911,22-03-2023,21-04-2023,39,month,Yes
206951785,22-03-2023,20-04-2023,39,month,Yes
206892555,22-03-2023,24-03-2023,39,month,Yes
207051401,23-03-2023,,39,month,Yes
206904848,23-03-2023,,39,month,Yes
204598188,23-03-2023,31-08-2023,39,month,Yes
206447228,23-03-2023,26-05-2023,39,month,Yes
206190599,23-03-2023,11-05-2023,39,month,Yes
207014740,23-03-2023,07-04-2023,39,month,Yes
156762690,23-03-2023,21-04-2023,39,month,Yes
207116463,23-03-2023,21-04-2023,39,month,Yes
206555111,23-03-2023,17-04-2023,39,month,Yes
169543155,23-03-2023,30-04-2023,39,month,Yes
202270426,23-03-2023,30-04-2023,39,month,Yes
207005361,23-03-2023,11-07-2023,39,month,Yes
206105763,24-03-2023,,39,month,Yes
198968224,24-03-2023,,39,month,Yes
205342230,24-03-2023,,39,month,Yes
207224044,24-03-2023,,39,month,Yes
174232231,24-03-2023,,39,month,Yes
207017124,24-03-2023,24-03-2023,39,month,No
194006146,24-03-2023,16-06-2023,39,month,Yes
150509580,24-03-2023,09-06-2023,39,month,Yes
207120479,24-03-2023,30-05-2023,39,month,Yes
162069198,24-03-2023,23-04-2023,39,month,Yes
206742272,24-03-2023,28-04-2023,39,month,Yes
207433836,25-03-2023,,39,month,Yes
207382183,25-03-2023,,39,month,Yes
205051942,25-03-2023,,39,month,Yes
132631414,25-03-2023,02-07-2023,39,month,Yes
207529664,25-03-2023,31-03-2023,39,month,Yes
207022940,25-03-2023,10-07-2023,39,month,Yes
207388337,25-03-2023,03-08-2023,39,month,Yes
205883858,26-03-2023,,39,month,Yes
173711359,26-03-2023,10-06-2023,39,month,Yes
207078726,26-03-2023,13-06-2023,39,month,Yes
207415911,26-03-2023,31-05-2023,39,month,Yes
207391012,26-03-2023,06-04-2023,39,month,Yes
207699946,26-03-2023,24-04-2023,39,month,Yes
207665488,26-03-2023,26-03-2023,39,month,Yes
207742153,26-03-2023,07-07-2023,39,month,Yes
207288677,27-03-2023,,39,month,Yes
208151007,27-03-2023,,39,month,Yes
207218336,27-03-2023,,39,month,Yes
208105889,27-03-2023,,39,month,Yes
152221925,27-03-2023,19-06-2023,39,month,Yes
207090754,27-03-2023,01-06-2023,39,month,Yes
128283235,27-03-2023,27-07-2023,39,month,Yes
206686106,27-03-2023,04-05-2023,39,month,Yes
208090380,27-03-2023,10-04-2023,39,month,Yes
153281230,27-03-2023,17-04-2023,39,month,Yes
205049710,27-03-2023,28-03-2023,39,month,Yes
208618235,28-03-2023,,39,month,Yes
167713351,28-03-2023,,39,month,Yes
149975492,28-03-2023,,39,month,Yes
208286745,28-03-2023,,39,month,Yes
208473540,28-03-2023,28-03-2023,39,month,Yes
137721176,28-03-2023,31-07-2023,39,month,Yes
140062581,28-03-2023,13-05-2023,39,month,Yes
208488674,28-03-2023,01-06-2023,39,month,Yes
162752410,28-03-2023,20-08-2023,39,month,Yes
208598415,28-03-2023,03-05-2023,39,month,Yes
143427096,28-03-2023,01-05-2023,39,month,Yes
208480650,28-03-2023,14-04-2023,39,month,Yes
147000442,29-03-2023,,39,month,Yes
207062508,29-03-2023,,39,month,Yes
206862916,29-03-2023,,39,month,Yes
208706866,29-03-2023,,39,month,Yes
134719816,29-03-2023,18-06-2023,39,month,Yes
138548670,29-03-2023,30-05-2023,39,month,Yes
208745476,29-03-2023,21-06-2023,39,month,Yes
182584521,29-03-2023,06-05-2023,39,month,Yes
206463427,29-03-2023,04-05-2023,39,month,Yes
158947936,29-03-2023,28-04-2023,39,month,Yes
182737296,29-03-2023,29-04-2023,39,month,Yes
156550538,30-03-2023,,39,month,Yes
208897557,30-03-2023,,39,month,Yes
157484010,30-03-2023,,39,month,Yes
146450388,30-03-2023,06-06-2023,39,month,Yes
208610366,30-03-2023,07-07-2023,39,month,Yes
208913022,30-03-2023,19-05-2023,39,month,Yes
205813846,30-03-2023,19-05-2023,39,month,Yes
208762353,30-03-2023,21-04-2023,39,month,Yes
153099249,30-03-2023,13-04-2023,39,month,Yes
208734252,30-03-2023,30-04-2023,39,month,Yes
208320510,31-03-2023,,39,month,Yes
207229509,31-03-2023,31-03-2023,39,month,No
208492287,31-03-2023,07-06-2023,39,month,Yes
195047202,31-03-2023,23-05-2023,39,month,Yes
208890352,31-03-2023,26-05-2023,39,month,Yes
151282537,31-03-2023,01-07-2023,39,month,Yes
206625246,01-04-2023,,39,month,Yes
208748964,01-04-2023,,39,month,Yes
151904783,01-04-2023,,39,month,Yes
160351988,01-04-2023,08-07-2023,39,month,Yes
145622106,01-04-2023,01-04-2023,39,month,Yes
192475408,01-04-2023,26-04-2023,39,month,Yes
208597905,02-04-2023,,39,month,Yes
209469556,02-04-2023,03-04-2023,39,month,No
207183892,02-04-2023,03-04-2023,39,month,No
125980506,02-04-2023,02-07-2023,39,month,Yes
162635107,02-04-2023,05-07-2023,39,month,Yes
154655775,02-04-2023,24-07-2023,39,month,Yes
154911229,03-04-2023,,39,month,Yes
206812076,03-04-2023,,39,month,Yes
208490747,03-04-2023,,39,month,Yes
131761056,03-04-2023,,39,month,Yes
208115534,03-04-2023,10-05-2023,39,month,No
202126471,03-04-2023,27-06-2023,39,month,Yes
209738836,03-04-2023,14-05-2023,39,month,Yes
209470128,03-04-2023,30-05-2023,39,month,Yes
209745334,03-04-2023,01-09-2023,39,month,Yes
209751690,04-04-2023,,39,month,Yes
209730490,04-04-2023,05-04-2023,39,month,No
208115648,04-04-2023,05-06-2023,39,month,Yes
210087900,04-04-2023,08-05-2023,39,month,Yes
208890316,04-04-2023,24-05-2023,39,month,Yes
143706140,04-04-2023,07-04-2023,39,month,Yes
209950443,04-04-2023,14-04-2023,39,month,Yes
208892072,04-04-2023,25-04-2023,39,month,Yes
205767174,04-04-2023,12-08-2023,39,month,Yes
206676416,04-04-2023,17-07-2023,39,month,Yes
160676837,05-04-2023,,39,month,Yes
204274153,05-04-2023,,39,month,Yes
210327236,05-04-2023,06-04-2023,39,month,No
210326352,05-04-2023,05-04-2023,39,month,No
124155104,05-04-2023,12-05-2023,39,month,Yes
209517408,05-04-2023,04-05-2023,39,month,Yes
210432450,05-04-2023,12-04-2023,39,month,Yes
210138564,06-04-2023,,39,month,Yes
210617010,06-04-2023,06-04-2023,39,month,Yes
134894187,06-04-2023,18-05-2023,39,month,Yes
150643785,06-04-2023,06-06-2023,39,month,Yes
149986782,06-04-2023,04-06-2023,39,month,Yes
205463099,06-04-2023,16-06-2023,39,month,Yes
210565466,06-04-2023,13-05-2023,39,month,Yes
209072132,07-04-2023,,39,month,Yes
210388772,07-04-2023,,39,month,Yes
210617010,07-04-2023,09-06-2023,39,month,Yes
210694562,07-04-2023,14-05-2023,39,month,Yes
134833306,07-04-2023,08-05-2023,39,month,Yes
211220014,08-04-2023,,39,month,Yes
121571816,08-04-2023,,39,month,Yes
211216060,08-04-2023,,39,month,Yes
211114276,08-04-2023,,39,month,Yes
211224883,08-04-2023,09-04-2023,39,month,No
211212313,08-04-2023,06-06-2023,39,month,Yes
210135815,08-04-2023,18-04-2023,39,month,Yes
211381659,09-04-2023,,39,month,Yes
183363812,09-04-2023,,39,month,Yes
211289909,09-04-2023,,39,month,Yes
211266858,09-04-2023,02-05-2023,39,month,Yes
153163612,09-04-2023,24-04-2023,39,month,Yes
209505551,09-04-2023,25-04-2023,39,month,Yes
211389716,10-04-2023,,39,month,Yes
211636708,10-04-2023,,39,month,Yes
176884824,10-04-2023,,39,month,Yes
211352758,10-04-2023,,39,month,Yes
210814163,10-04-2023,,39,month,Yes
210893245,10-04-2023,,39,month,Yes
130967112,10-04-2023,,39,month,Yes
199116000,10-04-2023,,39,month,Yes
161182706,10-04-2023,17-05-2023,39,month,Yes
211576047,11-04-2023,,39,month,Yes
211897884,11-04-2023,,39,month,Yes
211661733,11-04-2023,,39,month,Yes
211561665,11-04-2023,,39,month,No
211911280,11-04-2023,23-08-2023,39,month,Yes
123946316,11-04-2023,17-06-2023,39,month,Yes
144469362,11-04-2023,01-05-2023,39,month,Yes
187268085,11-04-2023,08-05-2023,39,month,Yes
210088359,11-04-2023,26-06-2023,39,month,Yes
211906202,11-04-2023,22-05-2023,39,month,Yes
126391978,11-04-2023,20-07-2023,39,month,Yes
154753462,12-04-2023,,39,month,Yes
212049757,12-04-2023,,39,month,Yes
147015210,12-04-2023,,39,month,Yes
212057431,12-04-2023,13-04-2023,39,month,No
205734465,12-04-2023,08-06-2023,39,month,Yes
208772540,12-04-2023,30-04-2023,39,month,Yes
182357706,12-04-2023,04-07-2023,39,month,Yes
211333348,12-04-2023,08-07-2023,39,month,Yes
211334702,12-04-2023,25-07-2023,39,month,Yes
212129575,13-04-2023,,39,month,Yes
209733088,13-04-2023,,39,month,Yes
152792045,13-04-2023,20-06-2023,39,month,Yes
212163568,13-04-2023,29-05-2023,39,month,Yes
212260363,13-04-2023,10-05-2023,39,month,Yes
212164158,13-04-2023,27-06-2023,39,month,Yes
155604779,13-04-2023,04-07-2023,39,month,Yes
150421022,13-04-2023,15-06-2023,39,month,Yes
122616012,13-04-2023,29-06-2023,39,month,Yes
209356278,14-04-2023,,39,month,Yes
212604642,14-04-2023,,39,month,Yes
210730447,14-04-2023,,39,month,Yes
212388726,14-04-2023,,39,month,No
127793951,14-04-2023,31-08-2023,39,month,Yes
189715793,14-04-2023,21-05-2023,39,month,Yes
148369126,15-04-2023,,39,month,Yes
157503290,15-04-2023,22-05-2023,39,month,Yes
212712986,15-04-2023,31-05-2023,39,month,Yes
204512028,15-04-2023,15-05-2023,39,month,Yes
147066240,15-04-2023,30-04-2023,39,month,Yes
212759443,16-04-2023,16-04-2023,39,month,Yes
212042832,17-04-2023,,39,month,Yes
212113682,17-04-2023,,39,month,Yes
181175226,17-04-2023,,39,month,Yes
201817514,17-04-2023,18-04-2023,39,month,Yes
168698174,17-04-2023,17-04-2023,39,month,Yes
170512298,17-04-2023,15-05-2023,39,month,Yes
213181546,17-04-2023,01-06-2023,39,month,Yes
154535908,17-04-2023,24-06-2023,39,month,Yes
151540809,17-04-2023,23-05-2023,39,month,Yes
212334937,17-04-2023,18-05-2023,39,month,Yes
204766175,17-04-2023,14-07-2023,39,month,Yes
212055738,17-04-2023,24-08-2023,39,month,Yes
211907956,18-04-2023,,39,month,Yes
212759443,18-04-2023,,39,month,Yes
213182327,18-04-2023,,39,month,Yes
213442067,18-04-2023,,39,month,Yes
213427247,18-04-2023,,39,month,Yes
172476368,18-04-2023,15-05-2023,39,month,Yes
148900262,18-04-2023,11-05-2023,39,month,Yes
213450505,18-04-2023,16-05-2023,39,month,Yes
168261038,18-04-2023,26-05-2023,39,month,Yes
207018786,18-04-2023,25-07-2023,39,month,Yes
213781045,19-04-2023,,39,month,Yes
213785402,19-04-2023,23-08-2023,39,month,Yes
213689187,19-04-2023,20-04-2023,39,month,No
213413298,19-04-2023,19-04-2023,39,month,No
184458429,19-04-2023,08-06-2023,39,month,Yes
212190070,19-04-2023,19-06-2023,39,month,Yes
212737739,19-04-2023,31-05-2023,39,month,Yes
211904660,20-04-2023,,39,month,Yes
112792926,20-04-2023,,39,month,Yes
213914942,20-04-2023,,39,month,Yes
189220435,20-04-2023,30-04-2023,39,month,Yes
203237584,20-04-2023,25-04-2023,39,month,Yes
213179140,20-04-2023,17-05-2023,39,month,Yes
211629536,20-04-2023,27-05-2023,39,month,Yes
204953211,20-04-2023,27-05-2023,39,month,Yes
111394466,20-04-2023,22-06-2023,39,month,Yes
214107134,21-04-2023,,39,month,Yes
214105034,21-04-2023,,39,month,Yes
214124745,21-04-2023,07-09-2023,39,month,Yes
214107426,21-04-2023,22-04-2023,39,month,No
213980322,21-04-2023,20-06-2023,39,month,Yes
213434919,21-04-2023,21-04-2023,39,month,Yes
214129448,21-04-2023,28-07-2023,39,month,Yes
213944536,21-04-2023,21-06-2023,39,month,Yes
214052531,21-04-2023,28-08-2023,39,month,Yes
214196608,22-04-2023,,39,month,Yes
125299295,22-04-2023,19-06-2023,39,month,Yes
214199386,22-04-2023,07-05-2023,39,month,Yes
214191851,22-04-2023,12-05-2023,39,month,Yes
214174478,22-04-2023,22-05-2023,39,month,Yes
214264465,23-04-2023,,39,month,Yes
214261616,23-04-2023,,39,month,Yes
214178644,23-04-2023,,39,month,Yes
214202809,23-04-2023,22-05-2023,39,month,Yes
214220188,24-04-2023,,39,month,Yes
212113435,24-04-2023,,39,month,Yes
213431638,24-04-2023,,39,month,Yes
214102994,24-04-2023,,39,month,Yes
177266058,24-04-2023,,39,month,Yes
116060198,24-04-2023,,39,month,Yes
214312843,24-04-2023,,39,month,Yes
156245288,24-04-2023,11-05-2023,39,month,Yes
148869972,24-04-2023,10-05-2023,39,month,Yes
156186115,24-04-2023,17-05-2023,39,month,Yes
207235755,24-04-2023,22-05-2023,39,month,Yes
169235213,24-04-2023,31-05-2023,39,month,Yes
213692152,24-04-2023,25-05-2023,39,month,Yes
214352003,24-04-2023,23-08-2023,39,month,Yes
139691790,25-04-2023,25-06-2023,39,month,Yes
210646453,25-04-2023,24-06-2023,39,month,Yes
206891005,25-04-2023,17-05-2023,39,month,Yes
212293354,25-04-2023,25-04-2023,39,month,Yes
214464069,26-04-2023,,39,month,Yes
214446543,26-04-2023,,39,month,Yes
212376935,26-04-2023,12-06-2023,39,month,Yes
173118928,26-04-2023,02-06-2023,39,month,Yes
214410106,26-04-2023,17-05-2023,39,month,Yes
214093520,26-04-2023,24-05-2023,39,month,Yes
214441521,26-04-2023,24-05-2023,39,month,Yes
214519787,27-04-2023,,39,month,Yes
213177724,27-04-2023,,39,month,Yes
213421956,27-04-2023,28-04-2023,39,month,No
151094649,27-04-2023,27-05-2023,39,month,Yes
160056180,27-04-2023,28-05-2023,39,month,Yes
166480898,27-04-2023,25-05-2023,39,month,Yes
182085396,27-04-2023,03-06-2023,39,month,Yes
214519010,27-04-2023,28-05-2023,39,month,Yes
148657735,27-04-2023,26-05-2023,39,month,Yes
214555461,28-04-2023,,39,month,Yes
148042512,28-04-2023,,39,month,Yes
214534717,28-04-2023,,39,month,Yes
211223610,28-04-2023,05-07-2023,39,month,Yes
214444866,28-04-2023,28-06-2023,39,month,Yes
206477826,28-04-2023,04-06-2023,39,month,Yes
214589440,28-04-2023,28-05-2023,39,month,Yes
214516527,28-04-2023,29-05-2023,39,month,Yes
158980862,28-04-2023,17-05-2023,39,month,Yes
144769275,28-04-2023,28-04-2023,39,month,Yes
214508205,28-04-2023,04-07-2023,39,month,Yes
156178486,29-04-2023,,39,month,Yes
214584458,29-04-2023,20-07-2023,39,month,Yes
181935574,30-04-2023,,39,month,Yes
153006404,30-04-2023,20-05-2023,39,month,Yes
214423891,30-04-2023,02-06-2023,39,month,Yes
214510838,30-04-2023,06-06-2023,39,month,Yes
211383216,30-04-2023,02-05-2023,39,month,Yes
214641741,30-04-2023,01-05-2023,39,month,Yes
214643362,30-04-2023,30-06-2023,39,month,Yes
214419772,01-05-2023,,39,month,Yes
213227787,01-05-2023,,39,month,Yes
214666572,01-05-2023,,39,month,Yes
126780716,01-05-2023,01-06-2023,39,month,Yes
214682826,01-05-2023,01-06-2023,39,month,Yes
212392663,01-05-2023,24-05-2023,39,month,Yes
147118133,01-05-2023,08-08-2023,39,month,Yes
157031617,02-05-2023,,39,month,Yes
211958379,02-05-2023,,39,month,Yes
152310842,02-05-2023,,39,month,Yes
214711907,02-05-2023,,39,month,Yes
150342446,02-05-2023,03-05-2023,39,month,Yes
214741130,02-05-2023,09-07-2023,39,month,Yes
214734037,02-05-2023,19-06-2023,39,month,Yes
214500293,02-05-2023,06-06-2023,39,month,Yes
214587827,02-05-2023,01-08-2023,39,month,Yes
214739055,02-05-2023,09-08-2023,39,month,Yes
163103693,02-05-2023,22-08-2023,39,month,Yes
214483378,03-05-2023,,39,month,Yes
157883110,03-05-2023,,39,month,Yes
132424181,03-05-2023,15-07-2023,39,month,Yes
214805206,03-05-2023,20-06-2023,39,month,Yes
214641940,03-05-2023,10-06-2023,39,month,Yes
206112289,03-05-2023,12-06-2023,39,month,Yes
214781323,03-05-2023,24-05-2023,39,month,Yes
214767936,03-05-2023,03-05-2023,39,month,Yes
182023209,03-05-2023,14-05-2023,39,month,Yes
148513036,04-05-2023,,39,month,Yes
157910445,04-05-2023,,39,month,Yes
213810773,04-05-2023,05-09-2023,39,month,Yes
154820233,04-05-2023,05-07-2023,39,month,Yes
214248197,04-05-2023,02-06-2023,39,month,Yes
214818730,04-05-2023,01-06-2023,39,month,Yes
186667733,04-05-2023,01-06-2023,39,month,Yes
214901781,05-05-2023,,39,month,Yes
214884589,05-05-2023,,39,month,Yes
210344586,05-05-2023,,39,month,Yes
214813191,05-05-2023,,39,month,Yes
214880602,05-05-2023,,39,month,Yes
186140999,05-05-2023,03-06-2023,39,month,Yes
214860336,05-05-2023,03-07-2023,39,month,Yes
138725699,05-05-2023,12-06-2023,39,month,Yes
132315255,05-05-2023,05-05-2023,39,month,Yes
208202304,05-05-2023,05-05-2023,39,month,Yes
214869362,05-05-2023,31-05-2023,39,month,Yes
207118054,06-05-2023,,39,month,Yes
214856586,06-05-2023,,39,month,Yes
201945254,06-05-2023,02-06-2023,39,month,Yes
134531651,07-05-2023,,39,month,Yes
204865394,07-05-2023,,39,month,Yes
158906669,07-05-2023,,39,month,Yes
125591366,07-05-2023,06-08-2023,39,month,Yes
214839844,07-05-2023,07-07-2023,39,month,Yes
214939612,07-05-2023,03-07-2023,39,month,Yes
204670100,07-05-2023,14-07-2023,39,month,Yes
214830539,07-05-2023,14-06-2023,39,month,Yes
185952990,07-05-2023,10-06-2023,39,month,Yes
214936311,07-05-2023,07-05-2023,39,month,Yes
214620392,07-05-2023,07-07-2023,39,month,Yes
157935884,08-05-2023,,39,month,Yes
214945706,08-05-2023,,39,month,Yes
214999374,08-05-2023,,39,month,Yes
214986467,08-05-2023,,39,month,Yes
214984741,08-05-2023,,39,month,Yes
214993166,08-05-2023,,39,month,Yes
203116697,08-05-2023,,39,month,Yes
214906741,08-05-2023,,39,month,Yes
128977818,08-05-2023,06-09-2023,39,month,Yes
209743418,08-05-2023,09-05-2023,39,month,Yes
209743418,08-05-2023,08-07-2023,39,month,Yes
130868671,08-05-2023,14-06-2023,39,month,Yes
146963394,08-05-2023,04-07-2023,39,month,Yes
214960770,08-05-2023,03-07-2023,39,month,Yes
207344872,08-05-2023,07-06-2023,39,month,Yes
202925989,08-05-2023,15-06-2023,39,month,Yes
214991976,08-05-2023,22-06-2023,39,month,Yes
211917633,08-05-2023,25-05-2023,39,month,Yes
214623264,08-05-2023,15-07-2023,39,month,Yes
205339362,08-05-2023,08-07-2023,39,month,Yes
214956352,09-05-2023,,39,month,Yes
196061402,09-05-2023,,39,month,Yes
215019022,09-05-2023,,39,month,Yes
185517087,09-05-2023,,39,month,Yes
151513254,09-05-2023,09-05-2023,39,month,Yes
214952558,09-05-2023,10-05-2023,39,month,No
139339380,09-05-2023,18-06-2023,39,month,Yes
208188866,09-05-2023,09-06-2023,39,month,Yes
150342446,09-05-2023,16-06-2023,39,month,Yes
188748372,09-05-2023,16-06-2023,39,month,Yes
215034356,09-05-2023,09-05-2023,39,month,Yes
145013444,09-05-2023,29-05-2023,39,month,Yes
164548755,09-05-2023,16-07-2023,39,month,Yes
193315330,09-05-2023,16-08-2023,39,month,Yes
147592201,10-05-2023,,39,month,Yes
192068317,10-05-2023,,39,month,Yes
214396083,10-05-2023,,39,month,Yes
214698924,10-05-2023,10-05-2023,39,month,Yes
153402484,10-05-2023,09-06-2023,39,month,Yes
214809412,10-05-2023,09-08-2023,39,month,Yes
215062365,10-05-2023,03-08-2023,39,month,Yes
135185873,11-05-2023,,39,month,Yes
144898968,11-05-2023,,39,month,Yes
214973231,11-05-2023,,39,month,Yes
214971897,11-05-2023,,39,month,Yes
134919488,11-05-2023,07-08-2023,39,month,Yes
214912916,11-05-2023,11-06-2023,39,month,Yes
215138344,11-05-2023,02-06-2023,39,month,Yes
215132378,11-05-2023,05-06-2023,39,month,Yes
206145911,11-05-2023,11-05-2023,39,month,Yes
215146368,11-05-2023,19-05-2023,39,month,Yes
133199506,12-05-2023,,39,month,Yes
202763494,12-05-2023,,39,month,Yes
215113205,12-05-2023,,39,month,Yes
147097108,12-05-2023,,39,month,Yes
186692270,12-05-2023,,39,month,Yes
215169444,12-05-2023,,39,month,Yes
114992353,12-05-2023,14-08-2023,39,month,Yes
212339137,12-05-2023,13-05-2023,39,month,Yes
175564124,12-05-2023,04-06-2023,39,month,Yes
174646950,12-05-2023,19-06-2023,39,month,Yes
215075697,12-05-2023,11-06-2023,39,month,Yes
215149530,12-05-2023,30-06-2023,39,month,Yes
215226464,13-05-2023,,39,month,Yes
215221354,13-05-2023,,39,month,Yes
215031638,13-05-2023,,39,month,Yes
182019861,14-05-2023,,39,month,Yes
210072231,14-05-2023,,39,month,Yes
127328847,14-05-2023,15-05-2023,39,month,Yes
155566052,14-05-2023,12-06-2023,39,month,Yes
151513254,14-05-2023,20-06-2023,39,month,Yes
152236400,14-05-2023,06-07-2023,39,month,Yes
215030324,14-05-2023,14-08-2023,39,month,Yes
206087650,14-05-2023,21-07-2023,39,month,Yes
136252657,15-05-2023,05-07-2023,39,month,Yes
134753801,15-05-2023,12-07-2023,39,month,Yes
155245092,15-05-2023,16-06-2023,39,month,Yes
214905500,15-05-2023,22-08-2023,39,month,Yes
215152504,16-05-2023,,39,month,Yes
215336639,16-05-2023,,39,month,Yes
215220026,16-05-2023,,39,month,Yes
202395800,16-05-2023,,39,month,Yes
215289431,16-05-2023,22-08-2023,39,month,Yes
182102820,16-05-2023,17-05-2023,39,month,Yes
215322558,16-05-2023,23-06-2023,39,month,Yes
215347417,16-05-2023,25-05-2023,39,month,Yes
215203944,16-05-2023,11-07-2023,39,month,Yes
215350747,16-05-2023,03-08-2023,39,month,Yes
215254830,16-05-2023,02-08-2023,39,month,Yes
192908537,16-05-2023,16-06-2023,39,month,Yes
123007965,17-05-2023,,39,month,Yes
151711223,17-05-2023,,39,month,Yes
130751382,17-05-2023,,39,month,Yes
126037254,17-05-2023,,39,month,Yes
133469770,17-05-2023,,39,month,Yes
133565657,17-05-2023,10-08-2023,39,month,Yes
215307979,17-05-2023,24-06-2023,39,month,Yes
174289942,17-05-2023,21-07-2023,39,month,Yes
215366550,17-05-2023,01-08-2023,39,month,Yes
210361390,18-05-2023,,39,month,Yes
120738319,18-05-2023,,39,month,Yes
214122861,18-05-2023,,39,month,Yes
214793162,18-05-2023,,39,month,Yes
215420480,18-05-2023,06-09-2023,39,month,Yes
215415792,18-05-2023,19-05-2023,39,month,No
152705871,18-05-2023,25-05-2023,39,month,Yes
168265029,18-05-2023,31-05-2023,39,month,Yes
215428908,18-05-2023,19-06-2023,39,month,Yes
215189952,18-05-2023,29-06-2023,39,month,Yes
208168256,18-05-2023,18-06-2023,39,month,Yes
163193072,19-05-2023,,39,month,Yes
153449481,19-05-2023,20-05-2023,39,month,Yes
215384745,19-05-2023,18-06-2023,39,month,Yes
160904253,19-05-2023,26-06-2023,39,month,Yes
215476119,19-05-2023,26-06-2023,39,month,Yes
214624328,19-05-2023,14-06-2023,39,month,Yes
215463105,19-05-2023,27-05-2023,39,month,Yes
187368519,19-05-2023,26-08-2023,39,month,Yes
206139986,19-05-2023,18-07-2023,39,month,Yes
215473481,19-05-2023,14-07-2023,39,month,Yes
214967111,20-05-2023,,39,month,Yes
215472324,20-05-2023,27-06-2023,39,month,Yes
146557284,20-05-2023,21-06-2023,39,month,Yes
215486098,21-05-2023,,39,month,Yes
119436804,21-05-2023,,39,month,Yes
127100688,21-05-2023,22-05-2023,39,month,Yes
134524378,21-05-2023,22-05-2023,39,month,Yes
134652589,21-05-2023,21-05-2023,39,month,Yes
214134251,21-05-2023,22-05-2023,39,month,No
215565049,21-05-2023,21-05-2023,39,month,Yes
215606026,21-05-2023,20-07-2023,39,month,Yes
215678881,22-05-2023,,39,month,Yes
212356610,22-05-2023,,39,month,Yes
215336118,22-05-2023,,39,month,Yes
215664306,22-05-2023,,39,month,Yes
215643802,22-05-2023,,39,month,Yes
206177720,22-05-2023,23-05-2023,39,month,No
215691994,22-05-2023,21-08-2023,39,month,Yes
215653406,23-05-2023,,39,month,Yes
215534470,23-05-2023,24-05-2023,39,month,Yes
150751482,23-05-2023,20-07-2023,39,month,Yes
208601341,23-05-2023,08-07-2023,39,month,Yes
215473479,23-05-2023,26-06-2023,39,month,Yes
215646044,23-05-2023,21-06-2023,39,month,Yes
215686983,23-05-2023,26-06-2023,39,month,Yes
215704655,24-05-2023,,39,month,Yes
131984682,24-05-2023,09-07-2023,39,month,Yes
214698924,24-05-2023,27-06-2023,39,month,Yes
183886863,24-05-2023,24-05-2023,39,month,Yes
215869320,25-05-2023,,39,month,Yes
215616284,25-05-2023,,39,month,Yes
215896078,25-05-2023,,39,month,Yes
215910170,25-05-2023,,39,month,Yes
211754109,25-05-2023,26-05-2023,39,month,No
205682690,25-05-2023,26-05-2023,39,month,Yes
151412112,25-05-2023,19-06-2023,39,month,Yes
154467458,25-05-2023,29-06-2023,39,month,Yes
212339137,25-05-2023,02-07-2023,39,month,Yes
215894271,25-05-2023,15-06-2023,39,month,Yes
215908442,25-05-2023,17-08-2023,39,month,Yes
136032360,25-05-2023,25-08-2023,39,month,Yes
215956542,26-05-2023,,39,month,Yes
215947247,26-05-2023,,39,month,Yes
122830574,26-05-2023,,39,month,Yes
206904025,26-05-2023,27-05-2023,39,month,No
153396366,26-05-2023,27-06-2023,39,month,Yes
200304509,26-05-2023,17-06-2023,39,month,Yes
215867874,26-05-2023,18-06-2023,39,month,Yes
215869887,26-05-2023,11-06-2023,39,month,Yes
134652589,26-05-2023,10-06-2023,39,month,Yes
215759517,26-05-2023,02-09-2023,39,month,Yes
152004313,26-05-2023,04-07-2023,39,month,Yes
215931788,26-05-2023,27-06-2023,39,month,Yes
215792692,26-05-2023,25-07-2023,39,month,Yes
205507364,26-05-2023,26-07-2023,39,month,Yes
130016916,26-05-2023,26-07-2023,39,month,Yes
174991614,27-05-2023,,39,month,Yes
118197872,27-05-2023,,39,month,Yes
215906516,27-05-2023,,39,month,Yes
116197941,27-05-2023,03-08-2023,39,month,Yes
215973039,27-05-2023,03-06-2023,39,month,Yes
147761700,27-05-2023,08-06-2023,39,month,Yes
215943650,27-05-2023,04-07-2023,39,month,Yes
157259062,27-05-2023,04-07-2023,39,month,Yes
216001506,27-05-2023,26-07-2023,39,month,Yes
199306900,27-05-2023,03-09-2023,39,month,Yes
156245288,28-05-2023,,39,month,Yes
211904765,28-05-2023,,39,month,Yes
215832805,28-05-2023,,39,month,Yes
156403612,29-05-2023,,39,month,Yes
216062001,29-05-2023,,39,month,Yes
216083936,29-05-2023,,39,month,Yes
215568210,29-05-2023,28-08-2023,39,month,Yes
181480437,29-05-2023,03-07-2023,39,month,Yes
147197398,30-05-2023,,39,month,Yes
212051648,30-05-2023,,39,month,Yes
216141502,30-05-2023,,39,month,Yes
216136975,30-05-2023,,39,month,Yes
213240907,30-05-2023,,39,month,Yes
204739496,30-05-2023,03-09-2023,39,month,Yes
203366396,30-05-2023,31-05-2023,39,month,Yes
216136446,30-05-2023,28-06-2023,39,month,Yes
216139586,30-05-2023,30-06-2023,39,month,Yes
216126416,30-05-2023,04-06-2023,39,month,Yes
216181144,30-05-2023,07-07-2023,39,month,Yes
216100714,30-05-2023,02-08-2023,39,month,Yes
216155144,30-05-2023,30-07-2023,39,month,Yes
190978347,30-05-2023,08-08-2023,39,month,Yes
215653713,30-05-2023,11-07-2023,39,month,Yes
215185569,30-05-2023,29-08-2023,39,month,Yes
215488799,31-05-2023,,39,month,Yes
216170130,31-05-2023,,39,month,Yes
215723337,31-05-2023,,39,month,Yes
148568942,31-05-2023,,39,month,Yes
215102456,31-05-2023,,39,month,Yes
216017581,31-05-2023,,39,month,Yes
153438676,31-05-2023,,39,month,Yes
213190132,31-05-2023,,39,month,Yes
216218992,31-05-2023,31-08-2023,39,month,Yes
216210442,31-05-2023,15-06-2023,39,month,Yes
129447970,31-05-2023,03-09-2023,39,month,Yes
216221115,31-05-2023,02-07-2023,39,month,Yes
215911675,31-05-2023,07-07-2023,39,month,Yes
215908254,31-05-2023,21-06-2023,39,month,Yes
214610994,31-05-2023,29-06-2023,39,month,Yes
143272167,31-05-2023,07-09-2023,39,month,Yes
216340651,01-06-2023,,39,month,Yes
153573832,01-06-2023,,39,month,Yes
138312982,01-06-2023,,39,month,Yes
216365777,01-06-2023,,39,month,Yes
216272792,01-06-2023,06-09-2023,39,month,Yes
167174814,01-06-2023,11-06-2023,39,month,Yes
216329176,01-06-2023,08-07-2023,39,month,Yes
147320092,01-06-2023,04-07-2023,39,month,Yes
157974600,01-06-2023,14-06-2023,39,month,Yes
200955808,01-06-2023,01-07-2023,39,month,Yes
216332850,01-06-2023,01-08-2023,39,month,Yes
149986818,02-06-2023,,39,month,Yes
132579012,02-06-2023,,39,month,Yes
155529346,02-06-2023,04-09-2023,39,month,Yes
153085868,02-06-2023,29-06-2023,39,month,Yes
156702204,02-06-2023,02-07-2023,39,month,Yes
158177676,02-06-2023,27-06-2023,39,month,Yes
216423972,02-06-2023,14-07-2023,39,month,Yes
216533259,03-06-2023,,39,month,Yes
204953211,03-06-2023,,39,month,Yes
149112756,03-06-2023,,39,month,Yes
216674420,03-06-2023,04-06-2023,39,month,No
148225450,03-06-2023,29-06-2023,39,month,Yes
216720172,03-06-2023,20-06-2023,39,month,Yes
204750804,03-06-2023,27-06-2023,39,month,Yes
147798395,04-06-2023,,39,month,Yes
216560949,04-06-2023,05-07-2023,39,month,Yes
216743053,04-06-2023,14-07-2023,39,month,Yes
149040748,05-06-2023,,39,month,Yes
206939746,05-06-2023,,39,month,Yes
216845223,05-06-2023,,39,month,Yes
124876382,05-06-2023,12-08-2023,39,month,Yes
168485609,05-06-2023,20-08-2023,39,month,Yes
216888206,05-06-2023,03-09-2023,39,month,Yes
216957502,06-06-2023,,39,month,Yes
215840282,06-06-2023,,39,month,Yes
216311456,06-06-2023,,39,month,Yes
155088727,06-06-2023,,39,month,Yes
216925191,06-06-2023,13-06-2023,39,month,Yes
216924741,06-06-2023,22-08-2023,39,month,Yes
194347007,06-06-2023,13-07-2023,39,month,Yes
217067696,07-06-2023,,39,month,Yes
217012406,07-06-2023,,39,month,Yes
216345770,07-06-2023,,39,month,Yes
215654770,07-06-2023,,39,month,Yes
217044528,07-06-2023,,39,month,Yes
217031352,07-06-2023,,39,month,Yes
146450388,07-06-2023,,39,month,Yes
153374748,07-06-2023,31-08-2023,39,month,Yes
217065874,07-06-2023,29-06-2023,39,month,Yes
216622895,07-06-2023,14-08-2023,39,month,Yes
216907852,07-06-2023,09-07-2023,39,month,Yes
217054126,08-06-2023,,39,month,Yes
206001231,08-06-2023,,39,month,Yes
216925136,08-06-2023,,39,month,Yes
217094352,08-06-2023,02-07-2023,39,month,Yes
206891818,08-06-2023,28-06-2023,39,month,Yes
217084888,08-06-2023,08-06-2023,39,month,Yes
216624401,08-06-2023,28-06-2023,39,month,Yes
216795282,08-06-2023,23-07-2023,39,month,Yes
174646924,09-06-2023,,39,month,Yes
217123644,09-06-2023,,39,month,Yes
217104490,09-06-2023,,39,month,Yes
153349708,09-06-2023,,39,month,Yes
153876204,09-06-2023,10-06-2023,39,month,Yes
132442956,09-06-2023,28-07-2023,39,month,Yes
130331160,09-06-2023,02-07-2023,39,month,Yes
216225148,09-06-2023,09-06-2023,39,month,Yes
161187748,09-06-2023,24-07-2023,39,month,Yes
217137211,09-06-2023,16-07-2023,39,month,Yes
180796559,09-06-2023,16-07-2023,39,month,Yes
168200039,10-06-2023,11-06-2023,39,month,Yes
217110396,10-06-2023,24-06-2023,39,month,Yes
217159016,10-06-2023,11-08-2023,39,month,Yes
217215106,11-06-2023,,39,month,Yes
129819604,11-06-2023,18-07-2023,39,month,Yes
217208086,11-06-2023,26-07-2023,39,month,Yes
215534470,11-06-2023,18-07-2023,39,month,Yes
217277033,12-06-2023,,39,month,Yes
136199071,12-06-2023,,39,month,Yes
217102618,12-06-2023,,39,month,Yes
217252136,12-06-2023,,39,month,Yes
215856743,12-06-2023,,39,month,Yes
217260184,12-06-2023,13-06-2023,39,month,No
140371292,12-06-2023,10-07-2023,39,month,Yes
164903790,12-06-2023,20-07-2023,39,month,Yes
217206158,12-06-2023,11-08-2023,39,month,Yes
215180470,12-06-2023,06-08-2023,39,month,Yes
217246611,12-06-2023,06-07-2023,39,month,Yes
217080066,12-06-2023,12-07-2023,39,month,Yes
214510838,13-06-2023,,39,month,Yes
217241338,13-06-2023,,39,month,Yes
215447681,13-06-2023,,39,month,Yes
214746385,13-06-2023,,39,month,Yes
217279595,13-06-2023,,39,month,Yes
138725699,13-06-2023,14-06-2023,39,month,Yes
199464176,13-06-2023,31-07-2023,39,month,Yes
217269788,13-06-2023,21-07-2023,39,month,Yes
217210206,13-06-2023,05-07-2023,39,month,Yes
217276264,14-06-2023,,39,month,Yes
217242854,14-06-2023,,39,month,Yes
140062581,14-06-2023,15-06-2023,39,month,Yes
217340338,14-06-2023,14-06-2023,39,month,No
157435806,14-06-2023,14-07-2023,39,month,Yes
217358299,14-06-2023,11-08-2023,39,month,Yes
217330046,14-06-2023,01-07-2023,39,month,Yes
216945894,15-06-2023,,39,month,Yes
150178354,15-06-2023,,39,month,Yes
153942818,15-06-2023,,39,month,Yes
150728848,15-06-2023,,39,month,Yes
138725699,15-06-2023,,39,month,Yes
217207926,15-06-2023,,39,month,Yes
217370233,15-06-2023,,39,month,Yes
205464540,15-06-2023,22-07-2023,39,month,Yes
167403892,15-06-2023,22-08-2023,39,month,Yes
217326821,15-06-2023,22-08-2023,39,month,Yes
214918906,15-06-2023,22-07-2023,39,month,Yes
216983668,15-06-2023,15-07-2023,39,month,Yes
217454204,16-06-2023,,39,month,Yes
206049284,16-06-2023,,39,month,Yes
132852439,16-06-2023,,39,month,Yes
217233198,16-06-2023,,39,month,Yes
188197564,16-06-2023,17-06-2023,39,month,Yes
146952862,16-06-2023,12-07-2023,39,month,Yes
152846561,16-06-2023,23-07-2023,39,month,Yes
132867770,16-06-2023,24-07-2023,39,month,Yes
206370330,16-06-2023,15-08-2023,39,month,Yes
217438230,16-06-2023,13-07-2023,39,month,Yes
217426939,16-06-2023,16-07-2023,39,month,Yes
205785520,17-06-2023,,39,month,Yes
154284527,17-06-2023,24-07-2023,39,month,Yes
214105912,17-06-2023,24-07-2023,39,month,Yes
200909190,17-06-2023,24-08-2023,39,month,Yes
151633468,17-06-2023,01-08-2023,39,month,Yes
207010976,17-06-2023,24-08-2023,39,month,Yes
217487776,17-06-2023,20-07-2023,39,month,Yes
217484551,17-06-2023,24-07-2023,39,month,Yes
217498202,18-06-2023,,39,month,Yes
217234603,18-06-2023,,39,month,Yes
217264148,18-06-2023,,39,month,Yes
217513366,18-06-2023,,39,month,Yes
217503737,18-06-2023,,39,month,Yes
151540809,18-06-2023,,39,month,Yes
217526421,18-06-2023,26-08-2023,39,month,Yes
217418580,18-06-2023,14-07-2023,39,month,Yes
217426015,19-06-2023,,39,month,Yes
217557584,19-06-2023,,39,month,Yes
217406489,19-06-2023,,39,month,Yes
217536534,19-06-2023,,39,month,Yes
217557082,19-06-2023,,39,month,Yes
176024207,19-06-2023,07-08-2023,39,month,Yes
160598122,19-06-2023,26-07-2023,39,month,Yes
217378430,19-06-2023,06-08-2023,39,month,Yes
193680187,19-06-2023,20-06-2023,39,month,Yes
180424442,19-06-2023,26-07-2023,39,month,Yes
217612796,20-06-2023,,39,month,Yes
217601263,20-06-2023,,39,month,Yes
217594148,20-06-2023,,39,month,Yes
217598396,20-06-2023,,39,month,Yes
206647130,20-06-2023,,39,month,Yes
207099222,20-06-2023,,39,month,Yes
207079318,20-06-2023,,39,month,Yes
217580362,20-06-2023,,39,month,Yes
217438678,20-06-2023,,39,month,Yes
215963364,20-06-2023,21-06-2023,39,month,Yes
153876204,20-06-2023,23-07-2023,39,month,Yes
153828803,20-06-2023,22-06-2023,39,month,Yes
217595865,20-06-2023,27-07-2023,39,month,Yes
216158153,20-06-2023,24-07-2023,39,month,Yes
217548173,20-06-2023,19-07-2023,39,month,Yes
217533118,21-06-2023,,39,month,Yes
205128906,21-06-2023,,39,month,Yes
205812132,21-06-2023,,39,month,Yes
216907554,21-06-2023,,39,month,Yes
215113542,21-06-2023,,39,month,Yes
204772797,21-06-2023,,39,month,Yes
217627630,21-06-2023,,39,month,Yes
217635272,21-06-2023,,39,month,Yes
217543308,21-06-2023,22-06-2023,39,month,Yes
217626870,21-06-2023,22-06-2023,39,month,No
217246912,21-06-2023,22-06-2023,39,month,No
217223132,21-06-2023,18-08-2023,39,month,Yes
217650160,21-06-2023,10-08-2023,39,month,Yes
149856123,21-06-2023,17-07-2023,39,month,Yes
217657148,21-06-2023,30-06-2023,39,month,Yes
217386658,21-06-2023,25-07-2023,39,month,Yes
202563999,22-06-2023,,39,month,Yes
137195650,22-06-2023,,39,month,Yes
138372112,22-06-2023,,39,month,Yes
217692419,22-06-2023,,39,month,Yes
217610905,22-06-2023,,39,month,Yes
217618558,22-06-2023,,39,month,Yes
190490555,22-06-2023,,39,month,Yes
122169020,22-06-2023,23-06-2023,39,month,Yes
217628239,22-06-2023,23-06-2023,39,month,No
148062219,22-06-2023,19-07-2023,39,month,Yes
131505988,22-06-2023,06-07-2023,39,month,Yes
215489398,22-06-2023,22-06-2023,39,month,Yes
195285936,22-06-2023,18-08-2023,39,month,Yes
217725764,22-06-2023,27-06-2023,39,month,Yes
217730944,22-06-2023,06-07-2023,39,month,Yes
205548571,23-06-2023,,39,month,Yes
188085249,23-06-2023,,39,month,Yes
206697535,23-06-2023,,39,month,Yes
152705871,23-06-2023,,39,month,Yes
216139584,23-06-2023,,39,month,Yes
127716285,23-06-2023,,39,month,Yes
138535334,23-06-2023,23-08-2023,39,month,Yes
205869717,23-06-2023,30-08-2023,39,month,Yes
204985013,23-06-2023,12-08-2023,39,month,Yes
217763600,24-06-2023,,39,month,Yes
217808731,24-06-2023,25-06-2023,39,month,No
217822232,24-06-2023,05-08-2023,39,month,Yes
217718093,25-06-2023,,39,month,Yes
217555660,25-06-2023,,39,month,Yes
154535908,25-06-2023,,39,month,Yes
217554744,25-06-2023,01-08-2023,39,month,Yes
217877324,25-06-2023,25-06-2023,39,month,Yes
147765298,26-06-2023,,39,month,Yes
217901196,26-06-2023,,39,month,Yes
217266939,26-06-2023,,39,month,Yes
204908076,26-06-2023,,39,month,Yes
217698784,26-06-2023,,39,month,Yes
217909024,26-06-2023,,39,month,Yes
201498671,26-06-2023,,39,month,Yes
217902650,26-06-2023,,39,month,Yes
217896282,26-06-2023,,39,month,Yes
217337901,26-06-2023,,39,month,Yes
217477535,26-06-2023,,39,month,Yes
217885621,26-06-2023,,39,month,Yes
217714764,26-06-2023,,39,month,Yes
217335548,26-06-2023,06-09-2023,39,month,Yes
129747676,26-06-2023,27-06-2023,39,month,Yes
217846698,26-06-2023,27-06-2023,39,month,No
217965791,27-06-2023,,39,month,Yes
217851124,27-06-2023,,39,month,Yes
217861903,27-06-2023,,39,month,Yes
217660423,27-06-2023,,39,month,Yes
217814342,27-06-2023,,39,month,Yes
157548765,27-06-2023,28-06-2023,39,month,No
217934288,27-06-2023,28-06-2023,39,month,No
217855786,27-06-2023,28-06-2023,39,month,No
131753677,27-06-2023,15-08-2023,39,month,Yes
215963364,27-06-2023,03-09-2023,39,month,Yes
217971206,27-06-2023,18-07-2023,39,month,Yes
217943053,27-06-2023,17-07-2023,39,month,Yes
218004764,28-06-2023,,39,month,Yes
217768772,28-06-2023,,39,month,Yes
216775344,28-06-2023,,39,month,Yes
135364787,28-06-2023,,39,month,Yes
148107179,28-06-2023,04-08-2023,39,month,Yes
215904194,28-06-2023,22-07-2023,39,month,Yes
217988577,28-06-2023,26-07-2023,39,month,Yes
146124679,28-06-2023,28-07-2023,39,month,Yes
217819772,29-06-2023,,39,month,Yes
217996629,29-06-2023,,39,month,Yes
152621756,29-06-2023,,39,month,Yes
218006807,29-06-2023,,39,month,Yes
218045202,29-06-2023,29-08-2023,39,month,Yes
122215146,29-06-2023,13-08-2023,39,month,Yes
218003864,29-06-2023,28-07-2023,39,month,Yes
218088770,30-06-2023,,39,month,Yes
217856893,30-06-2023,,39,month,Yes
156054912,30-06-2023,,39,month,Yes
218059054,30-06-2023,,39,month,Yes
218074245,30-06-2023,,39,month,Yes
204774586,30-06-2023,,39,month,Yes
215941440,30-06-2023,,39,month,Yes
205547323,30-06-2023,,39,month,No
140062581,30-06-2023,,39,month,Yes
217932519,30-06-2023,01-07-2023,39,month,Yes
217982048,30-06-2023,01-07-2023,39,month,No
218066467,30-06-2023,31-08-2023,39,month,Yes
218046034,30-06-2023,06-09-2023,39,month,Yes
217697744,30-06-2023,27-07-2023,39,month,Yes
217942738,01-07-2023,,39,month,Yes
218133628,01-07-2023,,39,month,Yes
118508852,01-07-2023,,39,month,Yes
218120267,01-07-2023,,39,month,Yes
218095541,01-07-2023,,39,month,Yes
217626801,01-07-2023,,39,month,Yes
151555660,01-07-2023,31-08-2023,39,month,Yes
217110820,01-07-2023,04-08-2023,39,month,Yes
217932519,01-07-2023,31-08-2023,39,month,Yes
218164848,02-07-2023,,39,month,Yes
217526484,02-07-2023,,39,month,Yes
214940948,02-07-2023,,39,month,Yes
218144586,02-07-2023,,39,month,Yes
217863596,02-07-2023,20-08-2023,39,month,Yes
218098580,02-07-2023,30-08-2023,39,month,Yes
215602271,02-07-2023,27-07-2023,39,month,Yes
218202086,03-07-2023,,39,month,Yes
217927897,03-07-2023,,39,month,Yes
217856402,03-07-2023,,39,month,Yes
217588559,03-07-2023,,39,month,Yes
212136438,03-07-2023,,39,month,Yes
138548670,03-07-2023,,39,month,Yes
217588559,03-07-2023,03-07-2023,39,month,Yes
171893540,03-07-2023,20-08-2023,39,month,Yes
202412363,03-07-2023,22-07-2023,39,month,Yes
218129311,03-07-2023,10-08-2023,39,month,Yes
218092565,03-07-2023,10-08-2023,39,month,Yes
150436862,04-07-2023,,39,month,Yes
218211840,04-07-2023,,39,month,Yes
218235209,04-07-2023,,39,month,Yes
132631414,04-07-2023,,39,month,Yes
218254260,04-07-2023,,39,month,Yes
218095604,04-07-2023,,39,month,Yes
147845964,04-07-2023,04-07-2023,39,month,Yes
218242871,04-07-2023,04-08-2023,39,month,Yes
218238016,04-07-2023,03-09-2023,39,month,Yes
217387951,04-07-2023,04-08-2023,39,month,Yes
218236754,04-07-2023,11-07-2023,39,month,Yes
218307564,05-07-2023,,39,month,Yes
150521180,05-07-2023,,39,month,Yes
135240372,05-07-2023,,39,month,Yes
218275834,05-07-2023,,39,month,Yes
218028076,05-07-2023,,39,month,Yes
164254865,05-07-2023,,39,month,Yes
218274904,05-07-2023,06-07-2023,39,month,No
208473540,05-07-2023,08-09-2023,39,month,Yes
218233516,05-07-2023,08-08-2023,39,month,Yes
218261606,05-07-2023,17-08-2023,39,month,Yes
218289472,05-07-2023,06-07-2023,39,month,Yes
215946425,05-07-2023,29-07-2023,39,month,Yes
218284850,05-07-2023,29-07-2023,39,month,Yes
202151053,06-07-2023,,39,month,Yes
112301350,06-07-2023,,39,month,Yes
218300918,06-07-2023,,39,month,Yes
205452800,06-07-2023,,39,month,Yes
218278300,06-07-2023,,39,month,Yes
216920844,06-07-2023,,39,month,Yes
127100688,06-07-2023,02-08-2023,39,month,Yes
218345379,06-07-2023,13-08-2023,39,month,Yes
183507186,06-07-2023,06-08-2023,39,month,Yes
218133430,07-07-2023,,39,month,Yes
147813476,07-07-2023,,39,month,Yes
218375754,07-07-2023,,39,month,Yes
216000482,07-07-2023,,39,month,Yes
161549477,07-07-2023,,39,month,Yes
133444654,07-07-2023,10-07-2023,39,month,Yes
217883594,07-07-2023,27-07-2023,39,month,Yes
197752733,08-07-2023,,39,month,Yes
175884318,08-07-2023,,39,month,Yes
218413958,08-07-2023,,39,month,Yes
218434925,08-07-2023,,39,month,Yes
156817946,08-07-2023,,39,month,Yes
218427268,08-07-2023,,39,month,Yes
208492287,08-07-2023,,39,month,Yes
217499098,08-07-2023,09-07-2023,39,month,Yes
215723331,08-07-2023,15-08-2023,39,month,Yes
122616074,09-07-2023,,39,month,Yes
218367490,09-07-2023,,39,month,Yes
218415420,09-07-2023,,39,month,Yes
135785962,09-07-2023,,39,month,Yes
206121650,09-07-2023,10-07-2023,39,month,Yes
218129819,09-07-2023,03-08-2023,39,month,Yes
217766676,09-07-2023,27-07-2023,39,month,Yes
216886336,10-07-2023,,39,month,Yes
217991032,10-07-2023,,39,month,Yes
145797162,10-07-2023,,39,month,Yes
217581606,10-07-2023,,39,month,Yes
218459038,10-07-2023,11-07-2023,39,month,Yes
218526124,10-07-2023,11-07-2023,39,month,No
216335430,10-07-2023,10-07-2023,39,month,No
218519862,10-07-2023,11-07-2023,39,month,No
218496811,10-07-2023,10-07-2023,39,month,No
218490122,10-07-2023,11-07-2023,39,month,No
216337502,10-07-2023,10-07-2023,39,month,No
143111905,10-07-2023,17-08-2023,39,month,Yes
217709772,10-07-2023,12-08-2023,39,month,Yes
214924190,10-07-2023,10-08-2023,39,month,Yes
217914198,10-07-2023,30-07-2023,39,month,Yes
217773501,10-07-2023,10-07-2023,39,month,Yes
215311765,11-07-2023,,39,month,Yes
218554220,11-07-2023,,39,month,Yes
209743418,11-07-2023,,39,month,Yes
218553244,11-07-2023,,39,month,Yes
218548492,11-07-2023,,39,month,Yes
217958138,11-07-2023,,39,month,Yes
218365623,11-07-2023,,39,month,Yes
218512642,11-07-2023,,39,month,Yes
218569099,11-07-2023,05-09-2023,39,month,Yes
218304590,11-07-2023,30-08-2023,39,month,Yes
215390636,11-07-2023,07-09-2023,39,month,Yes
218538760,11-07-2023,18-08-2023,39,month,Yes
218544489,11-07-2023,11-08-2023,39,month,Yes
180161087,11-07-2023,10-08-2023,39,month,Yes
218484551,11-07-2023,18-08-2023,39,month,Yes
218570737,11-07-2023,12-07-2023,39,month,Yes
218526607,12-07-2023,,39,month,Yes
211011508,12-07-2023,,39,month,Yes
218610100,12-07-2023,,39,month,Yes
206055148,12-07-2023,,39,month,Yes
150509877,12-07-2023,,39,month,Yes
218498112,12-07-2023,,39,month,Yes
218624538,12-07-2023,22-08-2023,39,month,Yes
218467300,12-07-2023,13-08-2023,39,month,Yes
218509554,12-07-2023,22-07-2023,39,month,Yes
218257588,13-07-2023,,39,month,Yes
218114325,13-07-2023,,39,month,Yes
218325441,13-07-2023,,39,month,Yes
218235047,13-07-2023,,39,month,Yes
218598866,13-07-2023,,39,month,Yes
218644881,13-07-2023,16-08-2023,39,month,Yes
218509727,13-07-2023,09-08-2023,39,month,Yes
150623785,13-07-2023,14-08-2023,39,month,Yes
218586552,13-07-2023,14-08-2023,39,month,Yes
218514844,13-07-2023,17-07-2023,39,month,Yes
218694806,14-07-2023,,39,month,Yes
218678174,14-07-2023,,39,month,Yes
218695487,14-07-2023,08-09-2023,39,month,Yes
218678790,14-07-2023,21-08-2023,39,month,Yes
217499098,14-07-2023,21-08-2023,39,month,Yes
217976753,14-07-2023,21-08-2023,39,month,Yes
199359226,14-07-2023,15-07-2023,39,month,Yes
121814098,15-07-2023,,39,month,Yes
215605718,15-07-2023,,39,month,Yes
218325705,15-07-2023,,39,month,Yes
208598253,15-07-2023,,39,month,Yes
218655628,15-07-2023,,39,month,Yes
185602413,15-07-2023,16-07-2023,39,month,Yes
154082747,15-07-2023,23-07-2023,39,month,Yes
218017402,15-07-2023,22-08-2023,39,month,Yes
218792880,16-07-2023,,39,month,Yes
218761808,16-07-2023,,39,month,Yes
149303812,16-07-2023,,39,month,Yes
216144261,16-07-2023,,39,month,Yes
215976742,16-07-2023,,39,month,Yes
218617631,16-07-2023,23-08-2023,39,month,Yes
218770458,16-07-2023,03-08-2023,39,month,Yes
218720472,16-07-2023,19-08-2023,39,month,Yes
218846909,17-07-2023,,39,month,Yes
214714278,17-07-2023,,39,month,Yes
218529158,17-07-2023,,39,month,Yes
218837719,17-07-2023,,39,month,Yes
194367477,17-07-2023,,39,month,Yes
218300066,17-07-2023,,39,month,Yes
218553583,17-07-2023,,39,month,Yes
149657162,17-07-2023,18-07-2023,39,month,Yes
125920876,17-07-2023,24-08-2023,39,month,Yes
217403566,17-07-2023,14-08-2023,39,month,Yes
218677370,17-07-2023,15-08-2023,39,month,Yes
218598875,17-07-2023,24-08-2023,39,month,Yes
203116529,17-07-2023,17-07-2023,39,month,Yes
218808831,17-07-2023,01-09-2023,39,month,Yes
218844240,18-07-2023,,39,month,Yes
218863419,18-07-2023,,39,month,Yes
218445704,18-07-2023,,39,month,Yes
149411976,18-07-2023,,39,month,Yes
218862674,18-07-2023,,39,month,Yes
218851122,18-07-2023,,39,month,Yes
153402484,18-07-2023,01-09-2023,39,month,Yes
218848831,18-07-2023,26-08-2023,39,month,Yes
159639128,18-07-2023,18-07-2023,39,month,Yes
214638700,18-07-2023,19-07-2023,39,month,No
218850789,18-07-2023,18-08-2023,39,month,Yes
155510287,18-07-2023,12-08-2023,39,month,Yes
218677703,18-07-2023,24-07-2023,39,month,Yes
218878930,18-07-2023,20-07-2023,39,month,Yes
218935022,19-07-2023,,39,month,Yes
218925198,19-07-2023,,39,month,Yes
218927120,19-07-2023,,39,month,Yes
218930176,19-07-2023,,39,month,Yes
216185482,19-07-2023,,39,month,Yes
218814342,19-07-2023,,39,month,Yes
218764310,19-07-2023,,39,month,Yes
218814328,19-07-2023,,39,month,Yes
149144586,19-07-2023,,39,month,Yes
217635511,19-07-2023,,39,month,Yes
218924256,19-07-2023,14-08-2023,39,month,Yes
218898552,19-07-2023,17-08-2023,39,month,Yes
149657162,19-07-2023,03-09-2023,39,month,Yes
218581958,19-07-2023,26-07-2023,39,month,Yes
214943384,20-07-2023,,39,month,Yes
147832373,20-07-2023,,39,month,Yes
204362311,20-07-2023,,39,month,Yes
217137211,20-07-2023,,39,month,Yes
218942852,20-07-2023,,39,month,Yes
218715020,20-07-2023,05-09-2023,39,month,Yes
218701308,20-07-2023,21-07-2023,39,month,Yes
218979443,20-07-2023,15-08-2023,39,month,Yes
218543315,20-07-2023,04-09-2023,39,month,Yes
218281726,21-07-2023,,39,month,Yes
144972422,21-07-2023,,39,month,Yes
219017513,21-07-2023,,39,month,Yes
218096762,21-07-2023,,39,month,Yes
134289850,21-07-2023,,39,month,Yes
205210815,21-07-2023,22-07-2023,39,month,Yes
218684970,21-07-2023,28-08-2023,39,month,Yes
219045318,22-07-2023,,39,month,Yes
218428977,22-07-2023,,39,month,Yes
156587706,22-07-2023,23-07-2023,39,month,No
219034826,22-07-2023,23-07-2023,39,month,No
204380751,22-07-2023,21-08-2023,39,month,Yes
215315438,22-07-2023,22-08-2023,39,month,Yes
213774184,22-07-2023,29-08-2023,39,month,Yes
206121650,23-07-2023,,39,month,Yes
219059958,23-07-2023,,39,month,Yes
204639997,23-07-2023,23-07-2023,39,month,Yes
201817514,23-07-2023,22-08-2023,39,month,Yes
219065931,23-07-2023,30-08-2023,39,month,Yes
143627373,24-07-2023,,39,month,Yes
218675428,24-07-2023,,39,month,Yes
219057820,24-07-2023,,39,month,Yes
219115854,24-07-2023,,39,month,Yes
204826054,24-07-2023,,39,month,Yes
219072554,24-07-2023,,39,month,Yes
219088631,24-07-2023,,39,month,Yes
218861750,24-07-2023,31-08-2023,39,month,Yes
217513777,24-07-2023,02-08-2023,39,month,Yes
218805370,24-07-2023,08-08-2023,39,month,Yes
219128709,25-07-2023,,39,month,Yes
217998036,25-07-2023,,39,month,Yes
219100886,25-07-2023,,39,month,Yes
214586480,25-07-2023,,39,month,Yes
219110064,25-07-2023,,39,month,Yes
157374056,25-07-2023,,39,month,Yes
219058076,25-07-2023,,39,month,Yes
218011483,25-07-2023,,39,month,Yes
216543186,25-07-2023,,39,month,Yes
151239214,25-07-2023,,39,month,Yes
152760748,25-07-2023,20-08-2023,39,month,Yes
182102820,25-07-2023,01-09-2023,39,month,Yes
215005163,25-07-2023,17-08-2023,39,month,Yes
219136846,25-07-2023,02-08-2023,39,month,Yes
218795222,25-07-2023,23-08-2023,39,month,Yes
208706876,25-07-2023,21-08-2023,39,month,Yes
218701308,25-07-2023,01-09-2023,39,month,Yes
219136623,25-07-2023,01-09-2023,39,month,Yes
219153922,26-07-2023,,39,month,Yes
165529460,26-07-2023,,39,month,Yes
218715792,26-07-2023,,39,month,Yes
218985028,26-07-2023,,39,month,Yes
218986352,26-07-2023,,39,month,Yes
219152822,26-07-2023,05-09-2023,39,month,Yes
219084587,26-07-2023,27-07-2023,39,month,No
219200064,26-07-2023,02-09-2023,39,month,Yes
219224963,27-07-2023,,39,month,Yes
219172302,27-07-2023,,39,month,Yes
219244336,27-07-2023,,39,month,Yes
150342446,27-07-2023,,39,month,Yes
210432172,27-07-2023,,39,month,Yes
145614180,27-07-2023,,39,month,Yes
218318466,27-07-2023,,39,month,Yes
131984682,27-07-2023,,39,month,Yes
219243156,27-07-2023,27-07-2023,39,month,Yes
219301778,28-07-2023,,39,month,Yes
153004062,28-07-2023,,39,month,Yes
151015350,28-07-2023,,39,month,Yes
147696294,28-07-2023,,39,month,Yes
218255956,28-07-2023,,39,month,Yes
218510841,28-07-2023,,39,month,Yes
130864124,28-07-2023,,39,month,Yes
219194059,28-07-2023,,39,month,Yes
219254134,28-07-2023,,39,month,Yes
215881016,28-07-2023,,39,month,Yes
217361520,28-07-2023,,39,month,Yes
219265654,28-07-2023,,39,month,Yes
175491846,28-07-2023,29-07-2023,39,month,Yes
212603850,28-07-2023,26-08-2023,39,month,Yes
219307145,29-07-2023,,39,month,Yes
212937420,29-07-2023,05-09-2023,39,month,Yes
219318511,29-07-2023,18-08-2023,39,month,Yes
218513479,29-07-2023,25-08-2023,39,month,Yes
219301764,29-07-2023,27-08-2023,39,month,Yes
125038257,30-07-2023,,39,month,Yes
217813451,30-07-2023,,39,month,Yes
162859352,30-07-2023,31-07-2023,39,month,No
146923161,30-07-2023,06-09-2023,39,month,Yes
206699284,30-07-2023,28-08-2023,39,month,Yes
219330169,30-07-2023,28-08-2023,39,month,Yes
219404710,31-07-2023,,39,month,Yes
219402896,31-07-2023,,39,month,Yes
214129448,31-07-2023,,39,month,Yes
219218929,31-07-2023,,39,month,Yes
219385880,31-07-2023,,39,month,Yes
219368039,31-07-2023,,39,month,Yes
219328313,31-07-2023,,39,month,Yes
219185386,31-07-2023,01-08-2023,39,month,No
183712256,31-07-2023,08-08-2023,39,month,Yes
217624207,01-08-2023,,39,month,Yes
218938921,01-08-2023,,39,month,Yes
147145693,01-08-2023,,39,month,Yes
218459038,01-08-2023,,39,month,Yes
219395734,01-08-2023,,39,month,Yes
219413956,01-08-2023,,39,month,Yes
218562434,01-08-2023,01-09-2023,39,month,Yes
135521927,01-08-2023,02-09-2023,39,month,Yes
157035378,01-08-2023,31-08-2023,39,month,Yes
219382434,01-08-2023,31-08-2023,39,month,Yes
208762353,02-08-2023,,39,month,Yes
218346336,02-08-2023,,39,month,Yes
219226230,02-08-2023,,39,month,Yes
219369515,02-08-2023,,39,month,Yes
204947361,02-08-2023,,39,month,Yes
212977568,02-08-2023,,39,month,Yes
217981717,02-08-2023,,39,month,Yes
219459089,02-08-2023,,39,month,Yes
193483420,02-08-2023,,39,month,Yes
219496362,02-08-2023,04-09-2023,39,month,Yes
219398902,02-08-2023,05-09-2023,39,month,Yes
219497152,02-08-2023,23-08-2023,39,month,Yes
188426619,02-08-2023,01-09-2023,39,month,Yes
219470485,02-08-2023,16-08-2023,39,month,Yes
219460783,02-08-2023,28-08-2023,39,month,Yes
219512722,03-08-2023,,39,month,Yes
199393176,03-08-2023,,39,month,Yes
217368686,03-08-2023,,39,month,Yes
218247056,03-08-2023,,39,month,Yes
219439239,03-08-2023,,39,month,Yes
188206991,03-08-2023,,39,month,Yes
206470657,03-08-2023,,39,month,Yes
218706730,03-08-2023,,39,month,Yes
219512680,03-08-2023,,39,month,Yes
125335731,03-08-2023,,39,month,Yes
160598122,03-08-2023,,39,month,Yes
218414156,03-08-2023,,39,month,Yes
206455504,03-08-2023,01-09-2023,39,month,Yes
202589094,03-08-2023,03-09-2023,39,month,Yes
129747676,03-08-2023,06-09-2023,39,month,Yes
219511614,03-08-2023,01-09-2023,39,month,Yes
219491158,04-08-2023,,39,month,Yes
218790626,04-08-2023,,39,month,Yes
219476808,04-08-2023,,39,month,Yes
218585706,04-08-2023,,39,month,Yes
219316901,04-08-2023,,39,month,Yes
217724278,04-08-2023,,39,month,Yes
155869412,04-08-2023,,39,month,Yes
164535832,04-08-2023,,39,month,Yes
219388064,04-08-2023,,39,month,Yes
218884048,04-08-2023,22-08-2023,39,month,Yes
219603078,05-08-2023,,39,month,Yes
219146842,05-08-2023,,39,month,Yes
206676416,05-08-2023,,39,month,Yes
219615770,05-08-2023,,39,month,Yes
219630379,06-08-2023,,39,month,Yes
145096572,06-08-2023,,39,month,Yes
144005898,06-08-2023,,39,month,Yes
215189020,06-08-2023,,39,month,Yes
188354637,06-08-2023,20-08-2023,39,month,Yes
219668475,07-08-2023,,39,month,Yes
219495361,07-08-2023,,39,month,Yes
219672587,07-08-2023,,39,month,Yes
218556897,07-08-2023,08-08-2023,39,month,Yes
219467082,07-08-2023,15-08-2023,39,month,Yes
139353407,08-08-2023,,39,month,Yes
219734945,08-08-2023,,39,month,Yes
219735949,08-08-2023,,39,month,Yes
219688361,08-08-2023,,39,month,Yes
219447968,08-08-2023,,39,month,Yes
219583682,08-08-2023,,39,month,Yes
217638566,08-08-2023,,39,month,Yes
219716268,08-08-2023,,39,month,Yes
219713718,08-08-2023,,39,month,Yes
219707178,08-08-2023,,39,month,Yes
219747148,08-08-2023,08-08-2023,39,month,Yes
219710700,08-08-2023,17-08-2023,39,month,Yes
160883429,09-08-2023,,39,month,Yes
218556897,09-08-2023,,39,month,Yes
219779586,09-08-2023,,39,month,Yes
219437804,09-08-2023,,39,month,Yes
206402783,09-08-2023,,39,month,Yes
178419414,09-08-2023,,39,month,Yes
219719416,09-08-2023,,39,month,Yes
156558244,09-08-2023,,39,month,Yes
215602271,09-08-2023,15-08-2023,39,month,Yes
219761422,09-08-2023,14-08-2023,39,month,Yes
218594597,09-08-2023,09-08-2023,39,month,No
219734107,10-08-2023,,39,month,Yes
219836911,10-08-2023,,39,month,Yes
215179190,10-08-2023,,39,month,Yes
219817702,10-08-2023,,39,month,Yes
150065982,10-08-2023,11-08-2023,39,month,Yes
219891350,11-08-2023,,39,month,Yes
205210815,11-08-2023,,39,month,Yes
219744473,11-08-2023,,39,month,Yes
219851822,11-08-2023,,39,month,Yes
150779000,11-08-2023,06-09-2023,39,month,Yes
219876215,11-08-2023,12-08-2023,39,month,Yes
151633468,11-08-2023,12-08-2023,39,month,Yes
219834528,11-08-2023,12-08-2023,39,month,No
202844600,11-08-2023,12-08-2023,39,month,No
158093021,12-08-2023,,39,month,Yes
203366396,12-08-2023,16-08-2023,39,month,Yes
210694562,12-08-2023,02-09-2023,39,month,Yes
188347490,13-08-2023,,39,month,Yes
219947831,13-08-2023,,39,month,Yes
214775412,13-08-2023,,39,month,Yes
134753801,13-08-2023,,39,month,Yes
182584521,13-08-2023,,39,month,Yes
219955434,13-08-2023,,39,month,Yes
219951440,13-08-2023,,39,month,Yes
219808428,13-08-2023,01-09-2023,39,month,Yes
191034251,14-08-2023,,39,month,Yes
220023196,14-08-2023,,39,month,Yes
220028812,14-08-2023,,39,month,Yes
195988242,14-08-2023,,39,month,Yes
151633468,14-08-2023,,39,month,Yes
220012044,14-08-2023,,39,month,Yes
219981231,14-08-2023,,39,month,Yes
169692209,14-08-2023,,39,month,Yes
116156335,14-08-2023,,39,month,Yes
153393340,14-08-2023,,39,month,Yes
219974920,14-08-2023,,39,month,Yes
121253113,14-08-2023,16-08-2023,39,month,Yes
219690296,15-08-2023,,39,month,Yes
187268085,15-08-2023,,39,month,Yes
150623785,15-08-2023,,39,month,Yes
220056524,15-08-2023,16-08-2023,39,month,No
208188866,16-08-2023,,39,month,Yes
219081046,16-08-2023,,39,month,Yes
219569143,16-08-2023,,39,month,Yes
219653068,16-08-2023,,39,month,Yes
220120740,16-08-2023,,39,month,Yes
186200901,16-08-2023,,39,month,Yes
220116966,16-08-2023,,39,month,Yes
219876215,16-08-2023,,39,month,Yes
219996796,16-08-2023,,39,month,Yes
218296652,16-08-2023,,39,month,Yes
188748372,16-08-2023,,39,month,Yes
220080560,16-08-2023,,39,month,Yes
219899496,17-08-2023,,39,month,Yes
219000322,17-08-2023,,39,month,Yes
220181992,17-08-2023,,39,month,Yes
220196419,17-08-2023,,39,month,Yes
220155197,17-08-2023,,39,month,Yes
220144619,17-08-2023,,39,month,Yes
220184550,17-08-2023,,39,month,Yes
152209352,17-08-2023,,39,month,Yes
146952862,17-08-2023,,39,month,Yes
220178530,17-08-2023,,39,month,Yes
219498470,17-08-2023,,39,month,Yes
216622895,17-08-2023,,39,month,Yes
153705354,17-08-2023,17-08-2023,39,month,Yes
219280628,17-08-2023,18-08-2023,39,month,No
220171290,18-08-2023,,39,month,Yes
219553060,18-08-2023,,39,month,Yes
220244827,18-08-2023,,39,month,Yes
219612883,18-08-2023,,39,month,Yes
217914279,18-08-2023,,39,month,Yes
220171851,18-08-2023,,39,month,Yes
217543308,18-08-2023,,39,month,Yes
157008330,18-08-2023,18-08-2023,39,month,Yes
206063908,18-08-2023,07-09-2023,39,month,Yes
220182716,18-08-2023,19-08-2023,39,month,No
202103959,19-08-2023,,39,month,Yes
218757796,19-08-2023,,39,month,Yes
220272556,19-08-2023,,39,month,Yes
219493644,19-08-2023,,39,month,Yes
148996798,19-08-2023,,39,month,Yes
218947678,19-08-2023,,39,month,Yes
119465934,19-08-2023,,39,month,Yes
219195061,19-08-2023,,39,month,Yes
219637590,19-08-2023,25-08-2023,39,month,Yes
218878930,20-08-2023,,39,month,Yes
134622358,20-08-2023,,39,month,Yes
219237524,20-08-2023,,39,month,Yes
147320092,20-08-2023,,39,month,Yes
219953886,20-08-2023,,39,month,Yes
207013932,20-08-2023,20-08-2023,39,month,No
205274562,21-08-2023,,39,month,Yes
152698255,21-08-2023,,39,month,Yes
209361492,21-08-2023,,39,month,Yes
205530810,21-08-2023,,39,month,Yes
220343801,21-08-2023,,39,month,Yes
150441222,21-08-2023,,39,month,Yes
214640803,21-08-2023,,39,month,Yes
219569853,21-08-2023,,39,month,Yes
220197494,21-08-2023,,39,month,Yes
220323698,21-08-2023,,39,month,Yes
215180470,21-08-2023,21-08-2023,39,month,Yes
177323966,21-08-2023,28-08-2023,39,month,Yes
214682826,21-08-2023,22-08-2023,39,month,Yes
220414820,22-08-2023,,39,month,Yes
214682826,22-08-2023,,39,month,Yes
206147500,22-08-2023,,39,month,Yes
220402308,22-08-2023,,39,month,Yes
220205806,22-08-2023,,39,month,Yes
152792045,22-08-2023,,39,month,Yes
220381016,22-08-2023,,39,month,Yes
220385078,22-08-2023,,39,month,Yes
220414853,22-08-2023,,39,month,Yes
220366524,22-08-2023,,39,month,Yes
220407436,22-08-2023,23-08-2023,39,month,No
192182455,23-08-2023,,39,month,Yes
219439597,23-08-2023,,39,month,Yes
219576812,23-08-2023,,39,month,Yes
143111905,23-08-2023,,39,month,Yes
123297208,23-08-2023,,39,month,Yes
213194584,23-08-2023,,39,month,Yes
220455205,23-08-2023,,39,month,Yes
220425056,23-08-2023,,39,month,Yes
219685108,23-08-2023,,39,month,Yes
220531090,24-08-2023,,39,month,Yes
220510482,24-08-2023,,39,month,Yes
149856123,24-08-2023,,39,month,Yes
217506938,24-08-2023,,39,month,Yes
189403535,24-08-2023,,39,month,Yes
132318451,24-08-2023,25-08-2023,39,month,Yes
220495479,24-08-2023,25-08-2023,39,month,No
164903790,25-08-2023,,39,month,Yes
220371835,25-08-2023,,39,month,Yes
125932988,25-08-2023,,39,month,Yes
214924190,25-08-2023,,39,month,Yes
117300170,25-08-2023,,39,month,Yes
162913792,25-08-2023,,39,month,Yes
220551506,25-08-2023,,39,month,Yes
161187523,25-08-2023,,39,month,Yes
220562110,25-08-2023,26-08-2023,39,month,No
220589305,26-08-2023,,39,month,Yes
220496139,26-08-2023,,39,month,Yes
219211334,26-08-2023,,39,month,Yes
220582817,26-08-2023,,39,month,Yes
217513777,26-08-2023,28-08-2023,39,month,Yes
220576148,26-08-2023,05-09-2023,39,month,Yes
219294264,27-08-2023,,39,month,Yes
220617197,27-08-2023,,39,month,Yes
220227691,27-08-2023,,39,month,Yes
220672607,28-08-2023,,39,month,Yes
218608353,28-08-2023,,39,month,Yes
135128238,28-08-2023,,39,month,Yes
220285147,28-08-2023,,39,month,Yes
218645057,28-08-2023,,39,month,Yes
128199550,28-08-2023,31-08-2023,39,month,Yes
220747618,29-08-2023,,39,month,Yes
207386830,29-08-2023,,39,month,Yes
205109812,29-08-2023,,39,month,Yes
132318451,29-08-2023,,39,month,Yes
218596318,29-08-2023,,39,month,Yes
220699520,29-08-2023,,39,month,Yes
218307579,29-08-2023,,39,month,Yes
218514844,30-08-2023,,39,month,Yes
188622328,30-08-2023,,39,month,Yes
220790640,30-08-2023,,39,month,Yes
220675005,30-08-2023,,39,month,Yes
142757196,30-08-2023,,39,month,Yes
220411940,30-08-2023,,39,month,Yes
155613371,30-08-2023,,39,month,Yes
164548755,30-08-2023,,39,month,Yes
220546810,30-08-2023,,39,month,Yes
215202566,30-08-2023,30-08-2023,39,month,Yes
135092264,31-08-2023,,39,month,Yes
220854418,31-08-2023,,39,month,Yes
220851140,31-08-2023,,39,month,Yes
220843911,31-08-2023,,39,month,Yes
216137022,31-08-2023,,39,month,Yes
161151062,31-08-2023,,39,month,Yes
148085880,31-08-2023,,39,month,Yes
182061738,01-09-2023,,39,month,Yes
220860582,01-09-2023,,39,month,Yes
218315334,01-09-2023,,39,month,Yes
217246008,01-09-2023,,39,month,Yes
220835326,01-09-2023,,39,month,Yes
219470485,01-09-2023,,39,month,Yes
182153913,02-09-2023,,39,month,Yes
217223132,02-09-2023,,39,month,Yes
219643599,02-09-2023,,39,month,Yes
152851458,02-09-2023,,39,month,Yes
219657672,02-09-2023,,39,month,Yes
220973656,03-09-2023,,39,month,Yes
159717680,03-09-2023,,39,month,Yes
220420126,03-09-2023,,39,month,Yes
220965750,03-09-2023,,39,month,Yes
219065931,03-09-2023,,39,month,Yes
220707034,03-09-2023,,39,month,Yes
220875396,03-09-2023,,39,month,Yes
134054676,03-09-2023,05-09-2023,39,month,Yes
183702574,03-09-2023,03-09-2023,39,month,Yes
220997288,04-09-2023,,39,month,Yes
218617631,04-09-2023,,39,month,Yes
220952702,04-09-2023,,39,month,Yes
156460574,04-09-2023,,39,month,Yes
221012872,04-09-2023,,39,month,Yes
220845656,04-09-2023,,39,month,Yes
220989516,04-09-2023,,39,month,Yes
135317128,04-09-2023,,39,month,Yes
220984730,04-09-2023,,39,month,Yes
220984628,04-09-2023,,39,month,Yes
220989226,04-09-2023,,39,month,Yes
220988969,04-09-2023,,39,month,Yes
220988022,04-09-2023,,39,month,Yes
220984390,04-09-2023,,39,month,Yes
181480437,04-09-2023,,39,month,Yes
125219153,05-09-2023,,39,month,Yes
160833652,05-09-2023,,39,month,Yes
221073196,05-09-2023,,39,month,Yes
153733292,05-09-2023,,39,month,Yes
152692003,05-09-2023,,39,month,Yes
220528931,05-09-2023,,39,month,Yes
221052611,05-09-2023,,39,month,Yes
220665801,05-09-2023,,39,month,Yes
221028388,05-09-2023,,39,month,Yes
206284545,05-09-2023,,39,month,Yes
178531928,05-09-2023,,39,month,Yes
220994271,05-09-2023,,39,month,Yes
218720472,05-09-2023,,39,month,Yes
218900441,06-09-2023,,39,month,Yes
221123938,06-09-2023,,39,month,Yes
166750222,06-09-2023,,39,month,Yes
154783053,06-09-2023,,39,month,Yes
221100604,06-09-2023,,39,month,Yes
220703723,06-09-2023,,39,month,Yes
220815627,06-09-2023,,39,month,Yes
214764106,06-09-2023,,39,month,Yes
158763940,07-09-2023,,39,month,Yes
220065316,07-09-2023,,39,month,Yes
217662862,07-09-2023,,39,month,Yes
220328388,07-09-2023,,39,month,Yes
219521019,07-09-2023,,39,month,Yes
221145374,07-09-2023,,39,month,Yes
221130434,07-09-2023,,39,month,Yes
221189604,08-09-2023,,39,month,Yes
215174643,08-09-2023,,39,month,Yes
188354637,08-09-2023,,39,month,Yes
